#OTU ID,Sample_number,Vaccinated,Concentration,Exp,Duration,conc_dur,observed_otus,shannon,faith_pd,pielou_e,weighted_PC1 (0.359),weighted_PC2 (0.181),unweighted_PC1 (0.103),unweighted_PC2 (0.097),d9c3123a9b3fefe33f18ed39e9ca50aa,18a879058eac94a6d8f02e72e7390dee,454aceb66125863a02ea9d46c0b23136,5147cf5e03fda37cd7d06a92925c0b72,1ee68035ffc9dbd25480655c141e1be7,711dc606624aa8cf553db708f07457b5,e3a3f625784b27c193c749b7bb0979d7,a1a22b2e460e6454dca7805f1cde48d8,94650d81f3f14b948edfadca3ca7b166,0efe807935d267487b85745a9e807718,f97fd3a578b970a58faf71ae53fa32db,e3a4a62adc4e83c274978806164b474a,04195686f2b70585790ec75320de0d6f,2ea79eaaa0b23b2a7d2cf470cbaf72ea,df0c50bf9e6f01e8f38c9bf67c0036a8,72bee54ab489dee86a7ebdc680038d05,691656f33e727f8857f5c9ee40ed05b1,0d7c3e325c2f91dd9acc29c18cb1ccae,0211764ca9ba93886a8b6730c172cfdd,7d0905b9864c582654b487b8da6ca95f,401c7160c018da8f55b28f6ed251b0ed,59c4a678634e50b3fda861310820aadd,08acfd32ef7183d00324cc6739cc6bab,05627b35409be18bfd76985b5129f013,335efb475b97aeb92373e3eb4426ff8d,7769cac4c6bfbe7e3cddd33636c22519,5ae8dc25cf7a56754cd6441f688a9aab,a37623981468810a81c927dc4ee17ffb,bd1429bc5090c51208973a7eadea9371,90cbe9811f0f4800863a12196f6a20e4,60b01d96359cdf959f45b3a5413dc040,10f0917e5980c854e5b6035f663cb121,dc7de24cc6a7d4cda97c75b70edcb3a5,ed24c87a769cb311e83e20b577bffa3a,832e6210c0410af8e0356bea5ec39c80,b0fe7ef26a9e253e2916d3a9fbc4c276,c13c40d9578867b2ef541d115a6e21ff,3f6c45001fd40e8b6f9d0558539fd820,324d71cbca4e4a2ef16127e00b9be234,386d6316c74f906acdb276ee9771e3da,fca67c5514f53dfac4928078a84a3c67,ce2d8f9396037e74bdf44136e5fe408e,28813b64a8ae051ad9a727b026a54c70,ae84e7c918db34087e8c38bdeb0470d4,ed77b4f3c27764d448b8dab0dcc5037a,51c999131379511e8950fed0550134f7,47615e321723a29146d16ef7fbf0979a,7cde99db670451ab679028ee99bed884,37c7e1f5587749ead37a58e1e815e593,39c93fdb71e5a1de825f6807b2194f73,601dcc5af9d00200e067327ca215552a,738137e05fe0f23f7deb450bfe258599,d567b1010a21403a2baff95a45b217ef,83ff4d22adeb16414ffbc8a3ca9f9ce4,19432d5859523aeb79e6f366f9829c3b,186f74da637c7493b9b90b0e39265b72,a650f349bbdffb95b3624519d1ba72b8,4ebbff1e901dbe57b62fd291dba7351a,3cd0cb7297389a7892f21986be3bdc6a,9c815341e5243da862920c16b5c3fe0a,d2c142c872a20ca77555d868d7da4862,5108c9c256f6e966ab600c7a248f3358,f25f36771c142f8d1a064f380c52e397,90cff9a0ec09266113bce4c08df02904,350241e0999031f268c436c4674f7a2b,3cb57bbc2d42bc2cbfdb3b64b2edf615,6aacb6d5462a7b234931bcc8ff75b937,029993da7c2006c6211652e173c3d656,7cb7753109015ae718a1a0201d081e99,9b1f91f827bc7b53275c247c615b281f,f63108c514148b02920c9ca21e413369,9f31eba75e2c39a4efdb27032fee2aea,3f1e889542402cde516feda1dcbc1684,283c0a7cc8e7f2955890726713186d78,1c366ee9f30ee391dbaa22dd6f390f9b,5f450e71e76109101fe3580cc581ed61,b4004d897d0ac184e95187d650b8bd97,b7a36847a864d27420cb61916f4a95a2,70dce344c10861f19f07dd32878dddc8,0bca56789ac93dea6b0149af6f9aa57c,344997e6870144bbf4c6bab1ef1f76b4,b9eb0f2bb6b35cf7936da9d30388137a,9682f9484fb566a43507ec9a96472c2b,871eeb799811fb93735ff2ce6e376878,01c03ed203e17e3ae96a6ad651c71ad0,f7f2cea1e0c0bd317de3ae516a7994a7,ebac5bef2ca126617842b9c2d6d71340,79280cea51a6fe8a3432b2f266dd34db,2eac3bcf1c2c3b820429cd08bd0a2579,b09fd038d707156c93b11937fbd56686,f71132f7e875a81639613370246797e5,560be8802d647d8bb4208b21b0256db2,395ae9527d4034633baa48ccd686ea82,557c5c84348906e4f7468f39bc9edbde,5917cb34e453361e217aea7e3ddecf31,2737308c23a60f5a30f048da3dada8bc,f42671fc0408287aa9bc782e7382a55f,b3d20a3f9e9b4689db29fbf5bbebd8b4,e70258e0df235b6b744bec943af997fc,484d8f6d7629cddc7bb9249ce4344977,734040f7a06938247f9b35a392ffdce5,7d4bc1c15b975e6ffe247f13716e5f53,e94a4ec72a6e613a6fdfd70caf3b7571,3d5d53219fd1c8cea0ce932c0fcbdb5f,d7672c7b18b1a51d350cb05d86ef7954,594539afa75504a343c6c934e36374c8,1a4680e2eb9cb3efbc78f96b51419b81,e2cc7102e1230a241fa1e3386bdf40eb,7d069c604edbd9c5677978aaa5664b2e,3207dca88ecf9c5bc06d636a2814f0c6,89e00ca4fbf88379a98d3996b4656c87,b4021f8239ddf1d667f541813bce6564,0bc97877c48577962faa29bced4d6889,6a864f062eda0ff01c552b5bd5c00ba9,491d5c03c6fee6e422869aea51405f0a,b34f18a57359964f700bbec7c243cf00,700dead482b8176c26e8b3bf120beb1d,e855a302d08ea8809f004160dffa3b7a,8e26ded9e45a925fc2d39498fa9fb567,dbeb33694d6faafc37280981fd913b88,9d4e16844252e2dfbaf80a4a6fc4d55d,8a0486d88340ff35613c94b07a9594a5,b0fe0c065420a2b872a8536569a19bfa,4befb7c103a93dd55e15653e5d6def53,c7873e82c1738ab2dbd3662fa959dd0c,1da2f7bc8613dda7772f284cc3fc104e,9b8a338738bb43246ee83d0233493a16,6819b5a5054f6b646fa00705121e3044,c18afe570abfe82d2f746ecc6e291bab,48f83e88d51a4e328d1e89a6751f8950,39c55d3c994b489fcc2f2022d14ad758,68332b7ba2cae7cf09441fb5326b3bfc,0e275c47a38b3a027f4dab54a4d5784d,aa5f922ae538cafe05a7e3705e5b06ad,da337884828b991234ed298311df06e3,df739673144bebc0e4469b0e894aca56,72ff3bc52ee721e9b7bed82d5712120f,bf760ab3f391e8e08696a3a5815fc5c7,aa5579a4f2e902279c00eb5629280800,f7c24226c590f1ed38fafbe03fc71748,3b4f122e5cd988bc4b83e1109fb25307,47ad35356a9bfec68416d32e4f039021,ee689a2197736cfdf584ee8422bcb7e6,3f4edc647b024e2f479d2653467540cf,0fcc4a31c0f50689d484ae414d7de9bd,ab89f367350f8e95a6819977dff3d443,ce3e0a104793a272c42d98b4a99f921f,b82c13c6e1dd6f993b8affbdaf03281f,db6baa59cf4397bc8f0987cd205882bd,3a26891cc15576ac6991838606915ba4,05a15728d58ed7801b665cb9fd0edb46,77a9085cd53c12dcf2e907c565400e85,5582161708e3bba063d661aac09e0731,e7f82f517a5ffa9d9d543e7725950c31,a1184edb16448f69fd4595521c4bddad,d5b4f33a93b1580c123d306690d0ffb9,41da1d8ee103c45c6370c7d43f334559,2c653df58e4329063022ab1231742c94,6324c9036cf66b153bb4ca32a6f7d145,641d89443e94916e8c12c7a2efbc7be9,f65114ea452e68521c4d87e46119613b,bbe2948692a5df8cb1eac5bebb054c9d,a255bbd8543aec20e07ced3ffd7021d7,03c526517aa05a45f4cf4e229941ed13,ccd9f5920ccb96a519a113543c92d7d0,19297002c83492d5a8786b6a0bfa0c6f,4845956d9aa1f975089f59983f2cbff2,679ec5a7f3f3cc379ba5631cd6a4ab1b,30adc58141f4b506675b8cb02090cebb,3411a68d11d6354b7d8ae757f508cf11,e36be47d9739fa3a4962d0f323d8b851,068e8f4511906075f8a38597dc7580e2,280d653172e042ad5b55b2e8f0acb9a5,d0f1985c2b919dcbd0bf4664c844a900,2395f0381c904d605a1406e01728ea8e,f68071d2474ad031b2abe4f100f8e289,563652a1bcd6a7bdf5be3d5406798cd1,9fb9b773fb066d40827e02e9e501400c,406aac1fad445b9085322edf1515e234,a159622ef885012c7c367de0f50598a8,387e36ab394fd347fd94d8762016779f,e796676dcb0da73da1c3fc365b4ffc8b,eaea5d7b84c08fdef5d8ab40f707e37e,3f3018e441055b6325aeb5a7fd023ec6,435ce91fa3f57d2b068f159984487de3,436ae367114d1a977720e1e39a390d89,50db50f728fb3a0131990a51503b8163,e6367ef9335fe4385d492519bf97be3f,3d36ed39d8a9d91105b368c9e61328ee,de3e419d65c3c50412829239da47b928,5a87d39ae4c0797ff420242aaa4f6e5b,3a7275b683d1ad77c0356c6dfc14d790,9094f15b677bf1101df4d632c9ab3d5d,4fdbeac7d6cea1fef876d607636f189b,dadeb036d807f7412c74800a09121432,f052888fcae58ce3686ee58493ea1657,a63e6ca20ad1a7ec9e329f1f99e9f062,5e471eb08481cdb2d1e15646b2843cdf,6052e58cdd7186e959989900b1755460,21f4cefd29cbbd482c806d11512e4da9,32f06cdaf6223d01bda3bfad8baf5046,a3bdd856e4b01efff1d6e3e36842c02c,06f0e4354ef1822cf027413d9c4a7096,4fdba3b9529d06d7a729991eb7ae9eda,786eea2fac0a432e6f82c8d73a8f2764,760c919e4b205e40be3f352ca6338d1b,9ed8c7dfe042971e5c3edfe052012a89,cd9d636a79295df789711e0555923a3c,9b94ea3b464c1b1adaeb665f618bb702,6f4dc23deff5f5471d806357030428b5,0755e2d58ba3770df91d7131eaf67517,68db566a60ba7167b024b4c5032d9400,7e1d13712a9ccab9943408a31d590701,ed3947455ad4d3f52e14a6b29f192b36,ce33f26f3bd4784cdb63910753fa0792,40d3f7e7f8beb8b606834987d05701c8,6b4b405b7f121569a029489b813d6018,eb0b7eefd87ce0c56fc64a95c6250c03,c38c55ac5361c9a75bbc90393456c9bb,df3f8cdac76c62baa98469c33b82d8df,32c98d8debb8fbe4fc00590ff54c6db1,d9b22cde297946e532cdf357b6a2f19c,0e8676c61d6d5280455e030f35895272,a1d58861ceafef628e4bd55319f51ce3,4150cab4f24eaa869c5f83dd4e2404eb,957a16edeead7722188be53d05fbf001,e93b8ac2f806d2169a857aba630f9f1e,dd3a0d5027933e0d4e1cd7bb4d2b8259,4eadca5b95ba076d1cc50ce893f6c041,cf05fa822be4987ae938ce9563b0172f,fdcd6808ef8269653d25dce4a55a025d,7af50872a468920718f123a0ffea8aaa,9ac5fec396208e598ab2e2d26985d0df,a775e633ea25835e2d69b6c045de98e7,8f58f422d70764abc885f8aa6ed6a35f,0208b080bc0c27b6f087e53ba6549c56,fac7298a1b3596f4b93c1909e721674e,f434ebfe13e3764e53f40e7b99e07a39,a89d63d14cda22a36bec09f41f488c6a,9ab04778b42dc38a7817e4a1301dd7e0,f185b9837e9bdbc41de027b720687cdb,9a04f805534620226f91771cc568bf5e,a9fcd5575297028b672f39218759278a,3eac72f095b41e50cb4f957877a7b9bc,82909b34ac1c4c76cfd9bae391fbddbe,4b50532cce710330f0b893371900a89b,41214bb89776e77af8e4e710ba9d3f09,e2bdc469b55bdb611bf1a75e8c8418f5,386b5699f86a3324021f4415440c45f5,c79810db83f04b758a71bfd81a885234,113525d88f701a4a89d2ab38b34f5eb4,4aa8941dc38561f9c2e1a7a1fdcf9584,e33091bc6f02e04a425132b3cfaa87b0,8541631a5c6d9a5a34e0367b6522cba6,4960377eab9674ba77f4408c0a727297,b0580f9cf847e124075d581c50a0fce8,91df6fd4e1d54e905755399f1451ca97,c6b6bd210739b4b68ff3a57f39d856c1,2c073c7ed63abc18bd538b3a39174cc1,b3d06445a910a9a444919e41f5da39c3,9c161af75e2bbadb4c218c11a04b498b,5dc27752f95146c29de8c60581bc2a55,64487332c86a1167bd17614bf16f0b04,998131a2ff778e565b54d55a520fd241,a81b8485f4da1fdc0ec8a70c206d600e,c0175cbaad03e7fe1dec6f00ba747206,6dc960e501c3e17da72d3c7048d0dd36,649720ce877be3db8aa3fe54dabcc226,bdb2c60864ae18c4302c9f144219512e,ec78077ec6a5cf0b6549a6e960394075,90f7caa3d8656bcbf04244395c7e8b79,33b601a7a8295e7a6c8f413504129220,fa46caa443258c0cbc03267d60752c59,e6e984df630c7904897b1326eeaf3916,1efc4603f7ff0b5563a445542d5ef209,e31c0cc96f3ed4b880b43db4b1575830,33f0c1fac243b3e14a444c00eb99e9ef,eba7fd2413c3660ea9011146b4b9383f,092f2a054c42851f3b26dc9192ee2bf7,945a143c6a43116c542b50a35caf29c5,053c0612e7095d046317ae9a6382f76d,0299ebb0a63d82f90fc73acdd2b03e10,6db8bada8f9ff7c07fc93019d462f419,7ce5b978967957f0666685c84c859fab,a0ef05b14338c60f644eaa9227cc4b41,f2074efb5becb62707b6232e62d8e551,c6396d279c9b46db576c59f70f875fa4,adc657d35a42af4584d017acd649efc5,6d4f3f36d96fd9d40f040e26c6c06d22,19e2eb7381eab17ffae067af9ec5698d,f2eb7f99f27f200493b68dff53e202cb,50b0e621480fcb2c374c85ddf3ac73ab,d9b76ee51ff2b6961430bf352cc578f2,3c8ed978c9ab0602a4cc95fec575eae0,1986030e3c5cd5df6d869054bc96e536,ac505743a15279ae961dc710749efeb3,88610fcfca4a80f500b5ab8dd4845bbc,7dad029087ef5ea14f8416af5943d55d,63d4edbef1d1d984f70473c68b503dd8,dcb482fa0e7f1a9dae139c7ce5f093c4,491b0e4c03c8ef5431547a1a67d389fb,4e1758e81adcb1107024ee52c0113a6f,dfcb0de4718b8b68ef59d799b82a19b3,539577dc3b6b20d81b42e076f774d738,4b86fa0312b94adba3567c22786ca9c3,20149bf1c46fc4b7520f7fcd8d6aa7ba,a606f32b660c6b5ecc70a74788e88784,bfa7dcb6c5ed54f7532e4d2d2cc7c8cd,fd8751f72ef041731d4bef036edc2046,b86684c1567f97ccc4b2c9562b99065c,ee795e52e14b2107bc8cb8735a31b357,4c616e47a138671e8621deeac284ae3c,47a253a0f720955a6350790b8bc9ca78,f48a1f611db9718c81bbfbd38ab655f3,5f2335f6fbd16147d0c8079739bf6c48,7db357a4adb452de8504d8ca1ddb3f99,3e41cf087a971abbdb743a774a9e1ba8,104454daec232bb9ca17780e71e54598,1a0bea5ccf9d532d75136168ddb54654,eb5e19c27176686d324281ee0fc87343,6167b014ce52d97ac626fc9df06c5b45,cfcb4a4f0d30843c59da282335c62e8e,bb8cd42775d7feb5b54059f90e5ce9eb,c1b636001e0773f9cca8096d70e8b5de,991c85f8af1c6a1d2e61f29c52995abd,ed622d16f2ba09c110087b534e76bad5,5c98c8a07c8a818d030057757e044dfd,f7c87a3fae47bb50a6c4eb39bca4240f,2f2d3176fceffc59ea6ff0d21d76f58b,101a1a90014ac818b7c1c952d9606e86,8fe72d724721fbadcb8491e32dc59b62,1e41ff4780ef29fa25bc5291c9db5fc8,fd176695bf0190a4ec37320837bc0a04,1cad34e6f78417b9cae2a3a41f9ab74b,d46665fe9c339ea84a8203f3410caa0a,cbc9a0f1ca4d1a321c9b23e0a33a5f05,447ee7f88cea9fcd1b127ab7fdaf6d47,ddcfa1ab8297b7ec52f6b6f1505ab915,208f3bca26b894cdc2df5e1cf583eec3,d284b92d7518959fe5d52aa45b687394,23ec7c5e8037006affcd80bfd8440b0a,1bc3124973b2459e5ee67ed59ee71a3f,abfa9d60a135501a6f8ea749b93200fb,f0d8fef5b4aef891f722ec9d68f3c21b,83aed15ae132a401972267b529fa5514,354c588874d6190ee4f780d95b354237,3df77157a242066dfb4eb9c19062436a,f5a8edcca6d3ed5107cb077e7b84c16b,5d4f3e49d34236394d111877f1c66c0f,c8f3a799f92ea53001814099575b59d8,38f1e615df96b91e56b2860155f07dc5,f9fdd7500feb7fe11f27354f2231bf61,93233cf6a3f218339c1827767e49ace6,43fd4fcdfa6ad78f0c16bbd2fbe2ac7e,fe4f1bc33f90d322c23cddd5f9d6433d,fa9edb933c93335a2564886ea3bb7b5d,eb198bd6b9d6aca3df16f5fdfb361d07,e4631f4c72217a3b9828a41a6b5448b7,84b21548a147fc5077fd58c51a222c0e,458b6891663f1c6dc8fcdfb2a49a9bbc,eb8434027391c8f34694332533177efe,29838c83868b657d93ec9beef223b324,e59de24062595aae136609c290366418,6811c73c052e6a82f4ba6f46a1838f94,16f046549532ce7772ec1a6429807f2d,ea9ae2a4d22c5cfc879f8129a6316390,3324bed2876347123b6a325f131385e3,3465f7a137c9bfbe24edc50c74d84f17,caf54b4995a78b51266cb0e4aed4deae,98d3ad7c6676ecab36336820e791b07c,6ff06688e4ebae67996ead6c651970b2,5ff84335ef639fb3f276e488a8a4221f,1bb5836797e9a89a2de9b96bbe206524,29bb5fa7f45e47bbabab8cc1b1b3d18e,306d425d43fecaddb4ea5af1cc34ef98,3947498fe205342625ef56d401afd4c5,0bb15d7bed2d26775890dc36fd735809,d8c5cfddb8ad191ba5dcb281b1b00b7a,5e4a469b27faf03cf78b5109df3f04e5,80ae2917efaf762c5340983c1b3b66a0,7f9dbc6849e3464919b5eb713f13c50f,7cfdd42ccb70e73b5a351fccbf1cbda3,b4409bfdf378d889e958ac3a645ea67c,5286a93db3a0475525202fe9fe9c399e,d6b95702fa32348edafbeee68742e67f,61e8acb9c15fa3182d68a89d0a3570b1,c198ff647b8f1caf7c8067932ee5ff35,5a072a72921548137c30000ce3d30b9a,a00cdefdaebf2bdd965a491f13249db8,19828ffe27607b2d98f3ed73aec465d6,dd1f0725005c2380e23bfac13b3b2b29,7a8d29c59b803baaed9cc1f04ce0dc33,05caf4cc98c8a3db1383fab6176d865d,Total Reads,,# Inhib reads,Proportion Inhib reads,,# New Inhib reads,New Proportion inhib,,# New + Old inhib reads,New + Old proportion inhib
Property,,,,,,,,,,,,,,,Inhib,Inhib,Inhib,Inhib,Inhib,Inhib,Inhib,Inhib,Inhib,Inhib,Inhib,Inhib,Inhib,Inhib,Inhib,Inhib,Inhib,Inhib,Inhib,Inhib,Inhib,Inhib,Facil,Facil,Facil,Facil,Facil,,,,,,,,,,,,,,,,,,,,,,,,,,,,,,,,,,,,,,,,,,,,,,,,,,,,,,,,,,,,,,,,,,,,,,,,,,,,,,,,,,,,,,,,,,,,,,,,,,,,,,,,,,,,,,,,,,,,,,,,,,,,,,,,,,,,,,,,,,,,,,,,,,,,,,,,,,,,,,,,,,,,,,,,,,,,,,,,,,,,,,,,,,,,,,,,,,,,,,,,,,,,,,,,,,,,,,,,,,,,,,,,,,,,,,,,,,,,,,,,,,,,,,,,,,,,,,,,,,,,,,,,,,,,,,,,,,,,,,,,,,,,,,,,,,,,,,,,,,,,,,,,,,,,,,,,,,,,,,,,,,,,,,,,,,,,,,,,,,,,,,,,,,,,,,,,,,,,,,,,,,,,,,,,,,,,,,,,
M01,1,nonvac,control,0,5,control_5,13,0.922007871,2.0287964,0.249161705,-0.201664418,-0.185879799,-0.214739585,-0.093312298,2,0,0,0,0,0,0,0,0,0,0,0,8,0,0,0,0,0,0,3,0,0,0,0,0,0,0,0,0,0,0,0,1,0,0,0,0,0,0,0,0,0,0,0,0,0,0,0,0,0,0,0,0,0,0,0,0,0,0,0,0,0,0,2,0,0,0,0,0,0,0,0,0,0,0,0,0,0,0,0,0,0,0,0,0,0,0,0,0,0,0,0,0,0,0,0,0,0,0,0,0,0,0,0,0,0,0,0,0,0,0,0,0,0,0,0,0,0,0,0,0,0,0,0,0,0,0,0,0,0,0,0,0,0,0,0,0,0,0,0,0,0,0,0,0,0,0,0,0,0,0,0,0,0,0,0,0,0,0,0,0,0,0,0,0,0,4,0,0,0,0,0,0,0,0,0,0,0,0,0,0,0,0,0,0,0,0,0,0,0,0,0,13,0,0,0,0,0,0,0,0,0,25,0,24,0,786,0,0,0,0,0,0,0,0,0,0,0,0,0,0,0,0,0,0,0,0,0,0,0,0,0,0,0,0,0,0,0,0,0,0,0,0,0,0,0,0,0,0,0,0,0,0,0,0,0,0,0,0,0,0,0,0,0,0,0,0,0,0,0,0,0,0,0,0,0,0,0,0,0,0,0,0,0,0,0,0,0,0,0,0,0,0,0,0,0,24,0,0,0,0,0,0,0,0,0,0,0,0,0,0,0,0,0,0,0,0,0,0,0,0,0,0,0,0,6,0,0,0,0,0,0,0,0,0,0,0,0,0,0,0,0,0,0,0,0,0,0,0,0,0,0,0,0,0,0,0,0,0,0,0,0,0,0,0,0,0,0,0,0,0,0,0,0,0,0,0,0,0,0,0,2,0,0,0,0,0,0,0,0,0,0,0,900,,13,0.014444444,,0,0,,13,0.014444444
M02,2,nonvac,control,0,5,control_5,30,2.956480098,4.638258144,0.602516001,-0.116343741,-0.038757777,0.020364189,-0.06215717,0,0,0,20,0,0,0,0,0,3,0,0,457,0,0,0,0,0,0,0,0,0,0,0,0,0,0,22,0,0,0,0,0,0,0,0,0,0,0,0,0,0,0,0,0,6,0,0,0,0,0,0,0,0,0,0,0,0,0,0,0,0,0,0,0,0,5,0,0,0,0,0,0,0,0,0,0,0,2,0,0,0,0,0,0,11,0,0,0,0,0,0,0,0,0,0,0,0,0,0,0,0,0,0,0,0,0,0,0,0,0,0,0,0,0,0,0,0,0,0,0,0,0,0,0,0,0,0,0,0,0,0,0,0,0,0,0,0,0,0,0,0,0,0,0,0,0,0,0,0,0,0,0,0,0,0,0,0,0,0,0,0,1,0,0,0,0,0,0,0,0,0,0,0,0,0,0,0,0,0,0,0,12,0,0,0,0,0,0,4,0,0,0,0,0,0,0,0,0,0,0,0,18,0,68,0,86,0,0,0,0,0,0,0,0,0,0,0,0,0,0,0,0,0,0,0,3,0,0,20,0,0,24,0,0,0,0,0,0,0,0,0,0,0,0,0,0,0,0,0,0,0,0,0,0,0,0,0,0,0,1,0,0,0,0,0,0,0,0,0,14,0,0,0,0,0,0,0,0,3,0,0,0,0,0,0,0,0,0,0,0,0,3,2,0,0,0,0,0,0,26,0,0,0,0,0,0,0,3,2,0,0,0,0,0,0,0,0,0,0,0,0,0,0,0,0,0,0,0,0,0,0,0,0,0,0,0,0,0,0,0,0,0,0,3,41,4,0,0,0,0,0,0,0,0,0,0,0,0,0,0,9,0,0,0,0,0,0,0,27,0,0,0,0,0,0,0,0,0,0,0,0,0,0,0,0,0,0,0,0,0,0,0,900,,480,0.533333333,,0,0,,480,0.533333333
M03,3,nonvac,control,0,5,control_5,25,1.359415149,4.460690159,0.292734119,0.329520465,-0.028918635,-0.101039159,0.000911687,0,0,0,0,0,0,0,0,0,0,0,0,207,0,0,2,4,0,0,0,0,0,0,0,0,0,0,0,0,0,0,5,0,0,0,0,0,0,0,0,0,0,3,0,0,3,0,0,0,0,0,0,0,0,1,0,0,0,0,0,0,0,0,0,0,0,636,0,0,0,0,0,0,0,0,0,0,0,2,0,0,0,0,0,0,0,0,0,0,0,0,0,0,2,0,0,0,0,0,0,0,0,0,0,0,0,0,0,0,0,0,0,0,0,0,0,0,0,0,0,0,0,0,0,0,1,0,0,0,0,0,0,0,0,0,0,0,0,0,0,0,2,0,0,0,0,0,0,0,0,0,4,2,0,0,0,0,0,0,0,0,0,0,0,0,0,1,0,0,0,0,0,0,0,0,0,0,0,0,0,0,0,1,0,0,0,0,0,0,0,0,0,0,0,0,0,0,0,0,0,0,0,2,0,0,0,0,0,6,0,0,0,0,0,0,0,0,0,0,0,0,0,0,0,0,0,0,0,0,0,0,0,0,0,8,0,0,0,0,0,0,0,0,0,0,0,0,0,0,0,0,0,0,0,0,0,0,0,0,0,0,0,3,0,0,0,0,0,0,0,0,0,0,0,0,0,0,0,0,0,0,0,0,0,0,0,0,0,0,0,0,0,0,0,0,0,0,0,0,0,0,0,0,0,0,0,0,0,0,0,0,0,0,0,0,1,0,0,0,0,0,1,0,0,0,0,0,1,0,0,0,0,0,0,0,0,0,0,0,0,0,0,0,0,0,0,0,0,0,0,0,0,0,1,0,0,0,0,0,0,0,0,0,0,0,0,0,0,0,0,0,0,0,0,0,0,0,1,0,0,0,0,0,0,0,0,0,0,0,0,0,0,0,900,,213,0.236666667,,4,0.004444444,,217,0.241111111
M04,4,nonvac,control,0,5,control_5,40,3.395350065,3.822524503,0.637992473,0.062683072,-0.113275802,-0.306535407,0.059209119,0,104,0,0,0,0,0,1,1,0,0,0,33,0,0,7,0,0,0,0,0,0,1,5,0,0,0,0,0,0,0,1,0,0,0,0,0,0,0,0,0,0,0,0,0,0,0,0,0,0,0,0,20,0,10,0,0,0,0,0,1,0,0,0,0,0,138,0,0,0,0,0,0,0,0,0,2,0,0,0,0,0,0,0,0,0,0,0,0,2,0,0,3,0,0,0,0,0,0,0,0,0,0,27,0,0,0,0,0,0,0,0,0,0,0,0,0,0,0,0,0,0,51,0,0,27,271,0,5,0,0,0,0,0,2,0,0,0,0,0,0,1,0,0,118,0,0,0,0,0,0,3,0,0,0,0,0,0,0,0,0,0,0,0,0,0,0,0,0,1,0,0,0,0,0,0,0,0,0,0,0,0,0,2,0,0,0,0,0,0,0,0,0,0,0,0,0,0,0,0,0,0,0,0,0,0,0,0,0,0,0,0,0,0,0,3,0,0,0,3,0,0,0,0,0,0,0,0,0,0,0,0,0,0,0,0,0,0,24,0,0,0,0,0,0,0,0,0,0,0,0,0,0,0,0,0,0,0,2,0,4,0,0,0,0,0,0,0,0,0,0,0,0,0,0,0,0,0,0,0,0,0,0,0,0,0,0,1,0,0,1,0,0,0,0,0,0,0,0,0,0,17,0,0,0,0,0,0,0,0,0,0,0,0,0,0,0,0,0,0,0,1,0,0,0,0,0,0,0,0,0,0,1,0,0,0,0,0,0,0,1,0,0,0,0,0,0,0,0,0,0,0,0,0,0,0,0,0,0,1,0,0,0,0,0,0,0,0,0,1,0,0,0,0,0,0,3,0,0,0,0,0,0,0,0,0,0,0,0,0,0,0,0,900,,146,0.162222222,,3,0.003333333,,149,0.165555556
M05,5,nonvac,control,0,5,control_5,41,2.82527919,6.371518583,0.527345173,-0.108476274,-0.062388163,0.093195228,-0.296414612,0,0,0,0,0,0,2,0,10,0,0,0,551,0,0,9,6,0,0,0,0,5,0,0,0,0,0,0,0,0,0,1,0,0,0,0,2,6,0,0,0,0,0,0,2,0,0,0,0,0,13,0,0,0,0,0,0,0,0,0,0,0,0,0,12,0,10,0,0,0,0,0,0,0,0,0,0,0,0,0,0,0,0,0,0,0,0,0,0,0,0,0,0,0,8,0,0,0,0,5,0,0,0,0,0,0,0,0,0,0,0,1,0,0,0,0,0,0,2,0,0,0,0,0,0,0,0,0,0,0,0,0,0,0,0,0,0,0,0,0,0,10,4,0,0,0,0,0,0,0,29,0,0,0,1,0,0,0,0,0,0,0,0,0,0,0,2,3,0,0,0,0,0,0,0,0,0,0,0,0,0,0,0,0,0,0,0,0,0,0,0,0,0,0,0,0,0,19,0,0,0,0,9,0,0,0,16,0,0,1,0,0,0,0,0,0,0,0,0,0,0,0,0,0,0,0,3,0,0,0,14,0,22,0,32,0,0,0,0,0,0,0,0,0,0,0,0,0,0,0,0,13,0,0,0,0,0,0,0,0,0,0,11,0,0,0,0,0,0,0,3,0,0,0,0,0,0,0,0,0,0,0,0,0,0,0,0,0,0,10,0,0,0,10,0,0,0,0,0,0,0,0,0,0,0,0,0,0,0,0,0,0,0,0,0,2,0,0,0,0,0,0,0,0,0,0,0,0,0,0,0,0,0,0,0,0,0,0,0,0,0,0,0,0,9,0,5,0,0,0,0,0,0,0,0,0,0,0,0,0,0,26,0,0,0,0,0,0,0,0,0,0,0,0,0,1,0,0,0,0,0,0,0,0,0,0,0,0,0,0,0,0,0,900,,583,0.647777778,,0,0,,583,0.647777778
M06,6,nonvac,control,0,5,control_5,22,1.471279769,3.823117821,0.329925402,-0.189955136,-0.155749671,-0.10218995,-0.162306975,0,0,0,0,0,0,0,0,3,0,0,0,4,0,0,2,0,0,0,0,0,0,0,0,0,0,0,0,0,0,0,0,0,0,0,0,0,0,0,0,0,0,0,0,0,0,0,0,0,0,0,0,0,0,0,0,0,0,3,0,0,0,0,0,0,0,13,0,0,0,0,0,0,0,0,0,0,0,1,0,0,0,0,0,0,0,0,0,0,0,0,0,0,0,0,0,0,0,0,0,0,0,0,0,0,0,0,0,0,0,0,0,0,0,0,0,0,0,0,1,0,0,0,0,0,0,3,0,0,0,0,0,0,0,0,0,0,0,0,0,0,0,0,0,0,0,0,0,0,0,0,0,2,0,0,0,0,0,0,0,0,0,0,0,0,0,2,0,0,0,0,0,0,0,0,0,0,0,0,0,0,0,0,0,0,0,0,0,0,0,0,0,0,0,0,1,0,0,0,0,0,0,622,0,1,0,200,0,0,0,0,0,0,0,0,0,0,0,0,0,0,0,0,0,0,0,0,0,1,1,0,0,0,0,0,0,0,0,0,0,0,0,0,0,0,0,0,0,0,0,3,0,0,0,0,0,0,0,0,0,0,0,0,0,0,0,0,0,0,0,0,0,0,0,0,0,0,0,0,0,0,0,0,0,0,0,0,0,0,0,0,0,0,0,0,0,1,0,0,0,0,0,0,0,0,0,0,2,0,0,0,0,0,0,0,0,0,0,0,0,0,0,0,0,0,0,0,0,0,0,0,0,0,0,0,0,0,0,16,0,0,0,0,0,0,13,0,0,0,0,0,0,0,0,0,0,0,0,0,0,0,0,0,0,0,0,0,0,0,5,0,0,0,0,0,0,0,0,0,0,0,0,0,0,0,0,0,0,0,0,0,0,0,900,,9,0.01,,0,0,,9,0.01
M07,7,nonvac,control,0,5,control_5,21,2.43121298,4.434865742,0.553514864,-0.032721723,-0.063480729,-0.114618501,-0.126320909,0,35,0,0,0,0,0,0,0,0,18,0,536,0,0,50,0,0,0,0,0,0,0,0,0,0,0,0,0,0,0,0,0,0,0,0,0,0,0,0,0,0,0,0,0,0,0,0,0,0,0,0,0,10,0,0,0,0,0,0,0,0,0,0,0,0,98,0,0,0,0,0,0,0,0,0,0,0,0,0,0,0,0,0,0,0,0,0,0,0,0,0,0,0,0,0,0,0,0,0,0,0,0,0,0,0,0,0,0,0,0,0,0,0,0,0,0,0,0,0,0,0,2,0,0,0,12,0,0,0,0,0,0,0,0,0,0,0,0,0,0,8,0,0,17,0,0,0,0,0,0,0,0,0,0,0,0,0,0,0,0,0,0,0,12,0,0,0,0,0,0,0,0,0,0,0,0,0,0,0,0,0,0,0,0,0,0,0,0,0,0,0,0,0,0,0,0,6,0,0,0,0,0,0,0,0,24,0,0,0,0,0,0,0,0,0,0,0,0,0,0,0,0,0,0,0,0,0,0,0,0,0,0,0,0,0,0,0,0,0,0,0,0,0,0,0,0,0,0,0,0,10,0,0,0,0,0,0,0,6,0,0,26,0,0,2,0,0,0,0,0,2,0,0,0,0,0,0,0,0,0,0,0,0,0,0,0,0,0,0,0,0,4,0,0,0,0,0,0,0,0,0,0,0,0,0,0,0,0,0,0,0,0,0,0,0,0,0,0,0,0,0,0,0,0,13,0,0,0,0,0,0,0,0,0,0,0,0,0,0,0,0,0,0,0,0,0,0,0,0,0,0,0,0,0,0,0,0,0,0,0,0,0,0,0,0,0,0,0,0,0,0,0,0,0,0,0,0,9,0,0,0,0,0,0,0,0,0,0,0,0,0,0,900,,639,0.71,,0,0,,639,0.71
M08,8,nonvac,control,0,5,control_5,48,3.296053056,7.259499164,0.590165656,0.103148794,0.136786879,0.103354039,-0.235114456,0,0,0,0,0,0,0,0,5,0,3,0,22,0,0,0,0,0,0,0,0,0,0,0,0,0,0,0,0,0,0,0,0,0,0,0,42,0,0,2,0,0,0,0,0,0,1,0,0,0,0,0,0,1,3,0,3,0,0,0,0,0,0,0,0,0,321,0,0,0,0,0,0,0,7,0,1,0,0,0,0,0,0,0,0,0,0,0,3,0,0,0,0,1,0,0,0,0,0,0,0,0,0,0,0,0,0,0,0,0,0,0,0,0,0,0,0,0,0,0,1,0,0,0,0,3,11,12,1,0,0,2,0,0,0,0,0,0,0,0,0,0,0,0,0,0,1,3,0,0,0,0,0,0,5,0,0,0,0,0,0,2,0,0,0,0,9,0,0,0,0,0,0,0,0,0,0,0,0,0,0,0,0,0,0,0,0,0,0,0,0,0,2,1,0,1,0,4,0,0,0,0,174,0,0,0,92,0,2,0,0,0,0,0,0,0,0,3,2,0,0,0,0,0,0,0,0,0,0,5,0,0,0,0,2,0,0,0,0,0,0,0,0,0,0,0,0,0,0,0,0,0,0,0,0,0,0,0,0,0,0,0,1,0,0,0,0,0,0,0,0,0,0,0,0,0,0,0,0,0,0,0,0,0,0,0,0,0,0,0,0,0,1,3,0,0,7,0,0,0,0,0,0,0,0,0,0,1,0,0,0,0,0,0,0,0,0,0,0,0,0,0,0,0,0,0,0,0,7,0,0,0,0,0,0,0,0,0,0,0,0,0,7,0,0,89,0,0,0,0,0,0,0,1,0,0,0,0,0,0,0,0,0,0,19,0,0,0,0,0,0,0,0,0,0,0,0,1,0,0,0,0,0,0,0,0,0,0,0,0,10,0,0,900,,30,0.033333333,,0,0,,30,0.033333333
M09,9,nonvac,control,0,5,control_5,45,2.102623078,6.851254281,0.382862222,-0.154761893,-0.17393415,0.039652631,-0.033094486,0,0,0,0,0,0,0,0,6,2,0,0,22,0,0,3,0,0,0,0,0,0,0,0,1,0,0,0,0,0,0,0,0,0,0,0,0,3,0,0,0,0,1,0,0,0,2,10,0,0,0,0,0,0,19,0,0,0,0,0,0,0,0,0,0,0,2,0,0,0,0,0,0,0,0,0,0,0,0,0,0,0,0,0,0,0,0,0,0,0,0,0,0,0,0,0,0,0,0,0,0,0,0,0,0,0,0,0,0,1,0,0,0,0,0,0,0,0,3,0,0,0,1,0,0,0,17,0,0,0,6,0,5,0,0,0,0,0,0,0,0,1,0,0,2,0,0,1,0,1,0,1,146,0,0,0,0,0,0,0,0,6,0,0,0,0,1,0,0,0,0,0,0,0,0,0,0,0,0,0,0,0,0,0,0,0,0,0,0,0,0,0,0,0,0,5,0,0,0,0,0,0,592,0,0,0,0,0,0,6,0,1,0,0,0,0,0,0,1,0,0,0,0,0,0,0,0,0,2,0,0,0,1,0,0,0,0,0,0,0,0,0,9,0,0,0,0,4,0,0,0,0,0,0,0,0,0,0,1,0,0,0,0,0,0,0,0,0,0,0,0,0,0,0,0,0,0,0,1,0,0,0,0,0,0,0,0,1,0,0,0,0,0,1,0,0,0,0,0,0,0,0,0,0,0,0,0,0,0,0,0,0,3,0,0,0,0,0,0,0,0,0,0,0,0,0,0,0,0,0,0,0,0,0,0,0,0,0,0,0,0,0,0,0,0,2,0,0,0,0,0,0,1,1,0,0,0,0,0,0,0,0,0,0,0,0,0,0,0,2,0,0,0,0,0,0,0,1,0,0,0,0,0,0,0,0,0,0,0,0,0,0,2,900,,33,0.036666667,,1,0.001111111,,34,0.037777778
M10,10,nonvac,control,0,5,control_5,49,3.059429345,6.983844005,0.544895361,-0.088034239,-0.111331717,0.057321265,-0.194088667,0,29,0,0,0,0,0,0,0,0,0,0,479,0,0,0,0,0,0,0,0,0,0,0,0,0,0,0,0,0,0,0,0,0,0,0,0,0,0,0,0,0,0,0,0,0,0,31,0,0,0,4,0,0,0,0,0,0,0,0,0,0,0,0,0,0,32,0,0,0,0,0,0,0,0,0,0,0,0,0,0,0,0,0,0,0,0,0,0,0,0,0,0,0,0,0,2,0,0,0,0,0,0,0,0,0,0,9,0,0,0,0,0,0,0,1,0,1,0,0,0,0,4,11,0,23,0,0,0,0,3,0,0,0,0,1,0,0,3,0,0,2,0,0,21,0,0,0,0,0,0,0,0,0,0,0,0,0,0,0,0,0,10,0,0,0,0,0,0,4,0,0,0,0,0,0,2,0,0,0,0,0,0,0,10,3,0,0,3,0,0,0,0,0,0,0,0,0,0,0,0,0,0,0,0,0,1,0,0,0,0,0,19,0,0,0,0,9,2,3,0,0,0,20,0,11,0,10,0,0,0,8,0,0,3,5,0,0,0,0,0,0,0,0,0,0,0,0,0,0,0,0,0,0,0,0,16,0,0,0,0,0,24,0,0,0,0,0,0,0,0,0,0,0,3,0,0,0,36,0,0,0,0,0,0,0,0,0,0,18,0,0,7,0,0,0,0,0,0,0,0,0,0,0,0,0,0,0,0,0,0,0,0,2,0,0,0,0,0,0,0,0,0,0,0,0,0,0,0,0,0,0,0,1,0,0,0,0,5,0,0,3,0,0,0,1,0,0,0,0,0,5,0,0,0,0,0,0,0,0,0,0,0,0,0,0,0,0,0,0,0,0,0,0,0,0,0,0,0,0,0,0,0,0,0,0,0,0,0,0,0,0,0,900,,508,0.564444444,,0,0,,508,0.564444444
M11,11,nonvac,control,0,5,control_5,32,2.166128609,5.543474907,0.433225722,-0.178314173,-0.130137174,0.052793638,0.082224949,2,4,0,0,0,0,0,0,2,0,0,0,10,0,0,4,0,0,0,0,0,0,0,0,0,0,0,0,0,0,0,0,0,0,0,0,0,0,0,0,0,0,0,0,0,0,0,2,1,0,0,0,0,0,0,0,0,0,0,0,0,0,0,0,0,0,33,0,0,0,0,0,0,0,0,0,0,0,0,0,0,0,0,0,0,0,0,0,0,0,0,0,0,0,0,0,0,0,0,0,0,0,0,0,0,1,0,0,0,0,2,0,0,0,0,0,0,0,0,0,0,0,0,0,0,10,3,0,0,0,3,1,0,0,0,0,0,0,0,0,0,0,0,0,7,0,1,0,0,0,0,0,0,0,0,0,0,0,0,0,0,0,0,0,0,0,0,0,0,0,0,0,0,0,0,0,0,0,0,0,0,0,0,0,0,0,0,0,2,0,0,0,0,0,0,0,0,0,0,0,0,0,41,0,25,0,550,0,0,0,0,0,2,0,0,1,0,2,0,0,0,0,0,0,0,0,0,0,0,0,0,0,0,0,0,0,0,0,0,0,0,0,0,0,0,0,0,0,0,0,0,0,0,0,0,0,0,0,0,0,0,0,0,0,0,0,0,0,0,0,0,0,0,0,0,0,0,0,4,159,0,0,0,0,0,0,0,0,0,0,0,0,0,0,0,0,2,0,0,0,0,0,0,0,0,0,0,0,0,0,0,0,0,0,0,0,0,0,0,0,0,0,0,0,0,0,0,0,3,0,0,0,0,0,0,0,0,0,0,0,0,0,0,0,0,16,0,0,0,0,0,1,0,0,0,0,0,0,0,0,0,0,0,0,0,0,0,0,0,0,0,0,0,0,0,0,0,3,2,0,0,0,0,0,0,0,1,0,0,0,0,0,0,900,,22,0.024444444,,0,0,,22,0.024444444
M12,12,nonvac,control,0,5,control_5,40,3.728944684,5.546641586,0.70067551,-0.190606192,0.076989798,0.044953528,-0.08893571,0,2,0,0,5,0,0,0,20,0,0,0,13,0,2,0,0,0,0,0,0,0,0,0,0,0,0,0,0,0,0,0,115,0,0,121,0,0,0,0,0,0,0,26,5,0,0,0,2,0,0,5,0,0,0,0,0,0,0,0,0,0,0,0,0,0,27,0,0,4,0,0,0,0,7,0,0,0,0,0,2,0,0,0,0,0,0,0,8,0,0,0,0,0,0,0,0,0,0,0,0,0,0,0,0,0,0,0,0,0,2,0,0,0,2,0,0,0,0,0,0,0,0,2,0,0,2,0,0,0,0,0,0,0,0,0,74,0,0,0,0,0,0,0,2,0,4,0,0,0,0,0,0,0,0,1,0,0,0,0,0,0,0,0,0,0,10,0,0,0,0,0,0,0,0,0,0,0,0,0,2,0,0,0,0,0,0,0,0,0,0,0,0,0,0,0,0,0,0,0,0,0,45,0,4,0,234,0,0,0,0,0,0,0,0,0,0,0,10,0,0,0,0,0,0,0,0,0,0,0,0,0,0,0,0,0,0,0,3,0,0,0,0,0,0,0,0,0,0,0,0,0,0,0,0,0,0,0,0,0,0,0,0,0,0,0,0,0,0,0,0,0,0,4,0,0,0,0,0,0,0,0,2,0,0,0,0,0,0,0,0,0,0,0,0,0,0,0,0,0,0,0,0,2,0,0,0,4,0,0,0,0,0,0,0,0,0,0,0,0,0,0,0,0,0,0,0,0,0,0,0,0,0,0,0,0,0,0,64,0,0,0,0,0,0,52,0,0,0,0,0,0,0,3,0,0,0,0,0,0,0,0,0,0,1,0,0,0,0,0,0,0,0,0,0,0,0,7,0,0,0,0,0,0,0,0,0,0,0,0,0,0,0,900,,42,0.046666667,,0,0,,42,0.046666667
M13,13,nonvac,control,0,5,control_5,17,1.923137708,4.072877202,0.470496683,-0.082048516,-0.132006175,-0.169495596,-0.117630085,0,0,0,0,0,0,0,0,0,0,0,0,610,0,0,0,0,0,0,0,0,4,0,0,0,12,0,0,0,0,0,0,0,0,31,0,0,9,0,0,0,0,0,0,0,0,0,0,0,0,0,0,0,0,0,0,0,0,0,0,0,0,0,0,0,0,0,0,14,0,0,0,0,0,0,0,0,0,0,0,0,0,0,0,0,0,0,0,0,0,0,0,0,0,0,0,0,0,0,0,0,0,0,0,0,0,0,0,0,0,0,0,0,0,0,0,0,0,0,0,0,0,0,0,0,0,4,0,0,0,0,0,0,0,0,0,0,0,0,0,0,20,0,0,0,0,0,4,0,0,0,0,0,0,0,0,0,0,0,0,0,0,0,0,0,0,0,0,0,0,0,0,0,0,0,0,0,0,0,0,0,0,0,0,0,0,0,0,0,0,0,5,0,0,0,0,0,0,0,0,0,0,0,0,0,0,4,0,0,0,0,0,0,0,15,0,0,0,0,0,0,0,0,0,0,0,0,0,0,0,0,0,0,0,114,0,0,0,0,0,0,0,0,0,0,0,0,0,0,0,0,0,18,0,0,0,0,0,0,0,0,0,0,0,0,0,0,0,0,0,0,0,0,0,0,0,0,0,0,0,0,0,0,0,0,0,0,0,0,0,0,0,14,0,0,0,0,0,0,0,0,0,0,0,0,0,0,0,0,0,0,0,0,0,0,0,0,0,0,0,0,0,0,0,0,0,0,0,0,0,0,0,0,0,0,0,0,0,0,0,0,0,0,0,0,0,0,0,0,0,0,0,0,0,0,0,0,0,0,0,0,0,0,0,0,0,0,0,0,0,0,0,0,0,0,0,0,4,0,0,0,0,0,0,0,0,0,18,0,0,0,0,0,900,,614,0.682222222,,0,0,,614,0.682222222
M14,14,nonvac,control,0,5,control_5,54,4.068583583,7.385000018,0.706978821,-0.185444506,0.162159746,0.157084369,-0.10881898,0,1,1,0,0,0,0,0,4,0,0,0,26,0,0,0,0,2,0,0,0,0,0,0,0,0,0,0,0,0,0,108,0,0,0,0,78,0,0,0,0,0,0,94,3,2,0,10,0,2,0,0,0,3,1,0,0,0,0,0,0,0,0,0,0,0,27,7,0,0,0,1,0,0,0,0,0,0,0,0,0,4,0,0,0,0,0,0,4,0,0,0,0,0,0,0,0,0,0,0,0,0,0,0,0,0,0,0,0,0,3,0,0,0,0,0,0,0,0,1,0,0,0,0,0,2,8,1,0,0,0,0,0,0,0,0,0,0,0,0,0,0,0,0,0,5,0,4,0,1,2,0,0,0,0,0,0,0,0,0,0,0,0,0,0,0,8,0,0,0,0,0,0,0,0,0,0,0,0,0,0,0,0,0,0,0,0,0,0,0,0,0,0,0,0,0,0,4,0,0,0,0,70,0,0,0,146,0,0,0,0,0,6,0,0,0,0,4,2,0,0,0,0,0,0,0,0,0,0,26,0,0,0,0,1,1,0,0,0,0,0,0,0,1,0,0,0,0,0,0,0,0,0,0,0,0,0,0,0,0,0,0,0,0,0,0,0,0,0,0,2,0,0,14,0,0,0,0,0,0,0,0,0,0,0,0,0,0,0,0,0,0,0,13,0,0,0,0,2,0,0,0,0,1,0,0,1,0,0,0,0,0,0,0,0,0,0,0,0,0,0,0,0,0,0,0,0,0,0,0,0,0,0,0,0,0,0,0,0,0,0,3,0,0,0,138,0,3,0,0,0,0,0,0,17,0,0,0,0,0,0,0,0,0,23,0,0,3,0,0,0,0,0,0,0,0,0,0,0,3,0,0,0,0,1,0,0,0,0,0,2,0,0,900,,34,0.037777778,,0,0,,34,0.037777778
M15,15,nonvac,control,0,5,control_5,56,3.74712576,8.13500209,0.645237946,0.136585498,0.132392406,0.16008073,-0.074408199,1,0,0,0,0,0,0,0,15,55,8,0,162,0,0,0,0,0,4,0,0,0,0,0,0,0,0,0,0,0,0,0,0,0,0,0,0,0,0,0,0,0,2,9,0,0,3,23,0,0,0,0,0,1,0,0,0,0,0,0,0,0,0,0,0,0,282,0,0,0,0,0,0,0,0,0,6,0,0,0,0,0,0,0,0,0,0,0,0,0,0,0,0,1,0,0,0,0,0,0,0,0,0,0,0,0,0,0,0,0,0,0,0,0,0,0,0,0,0,0,0,0,0,0,0,1,1,0,0,0,5,0,0,0,0,0,0,0,0,0,0,1,0,0,1,0,0,0,0,0,65,1,1,0,3,0,0,0,0,0,0,0,0,1,0,0,7,0,0,8,0,0,0,0,0,0,0,0,0,0,74,0,0,0,0,0,0,1,0,0,0,0,0,0,0,0,0,2,0,0,0,1,2,0,0,4,0,0,0,0,0,0,3,0,0,0,0,4,0,0,0,0,0,0,0,0,0,0,0,7,0,0,0,0,5,0,0,0,21,0,0,0,0,0,0,0,0,0,0,0,1,0,0,0,0,0,0,0,0,0,7,0,3,0,0,0,0,0,0,0,0,0,0,0,0,0,0,0,0,0,0,10,0,0,0,0,0,0,0,0,0,0,1,7,0,0,0,2,0,0,0,0,0,0,0,0,0,0,0,0,0,0,0,0,0,1,0,0,0,0,0,3,0,0,0,0,4,0,3,0,0,0,0,3,0,0,0,0,0,0,0,7,0,0,0,33,0,0,0,0,0,0,0,0,12,0,0,0,0,0,0,0,0,0,6,0,0,0,0,0,2,0,0,0,0,0,0,1,3,0,0,0,0,0,0,0,0,0,0,0,0,0,0,900,,245,0.272222222,,1,0.001111111,,246,0.273333333
M16,16,vac,10^2,2,1,2_1,38,2.310675151,5.270130271,0.440302414,0.330363291,-0.049291232,-0.089529982,-0.140804308,0,0,0,0,0,0,0,0,3,0,0,0,114,0,0,6,0,0,0,0,0,0,5,0,0,0,0,0,0,0,0,3,0,0,0,0,0,0,0,0,0,0,0,0,0,0,0,0,0,0,0,0,1,0,16,0,0,0,0,0,0,0,0,0,0,5,570,0,0,0,0,0,0,0,0,0,0,0,0,0,2,0,0,0,0,0,0,0,0,0,0,0,0,0,0,0,0,0,0,0,0,0,0,0,0,0,0,0,7,0,10,0,0,0,0,0,0,0,0,0,0,0,2,0,0,0,54,0,0,0,0,0,0,0,0,0,0,0,0,0,0,0,11,0,1,0,0,0,0,0,0,0,0,0,0,0,0,0,0,0,0,0,0,0,0,0,0,0,0,0,0,0,0,0,0,0,0,0,0,0,0,0,0,0,0,0,0,0,0,0,0,0,0,0,0,22,3,0,0,0,0,0,0,0,0,0,0,2,0,0,0,1,3,0,0,0,0,1,0,0,0,4,0,0,0,0,0,0,0,0,0,0,5,0,7,0,0,0,0,2,0,0,0,0,0,0,0,0,0,0,0,0,0,0,0,0,0,0,0,0,12,0,0,0,2,0,0,0,0,0,0,0,0,0,0,0,0,0,0,0,0,0,3,0,0,0,0,0,0,0,3,0,1,0,0,0,1,0,0,0,0,4,0,0,0,0,0,0,0,0,0,0,0,0,0,2,0,0,0,0,0,0,0,0,0,0,0,0,0,0,0,0,0,0,0,0,0,0,1,0,6,0,0,0,0,0,2,3,0,0,0,0,0,0,0,0,0,0,0,0,0,0,0,0,0,0,0,0,0,0,0,0,0,0,0,0,0,0,0,0,0,0,0,0,0,0,0,0,0,0,0,0,0,900,,123,0.136666667,,0,0,,123,0.136666667
M17,17,vac,10^2,2,1,2_1,34,3.383902577,6.418254571,0.665145414,-0.161824324,0.18714981,0.120278845,-0.094122525,0,0,0,0,0,0,0,0,0,0,0,0,16,0,0,2,1,0,0,0,0,0,0,0,0,0,0,0,0,0,0,7,0,0,0,0,27,0,0,4,0,0,0,12,0,0,0,0,0,0,0,0,0,0,0,0,0,0,0,0,0,0,0,0,0,0,18,0,0,0,0,0,0,0,0,0,0,0,0,0,0,0,0,0,2,0,0,0,0,0,0,0,0,0,0,0,0,0,0,0,0,0,0,0,0,0,2,0,2,0,0,0,0,0,0,0,0,0,0,2,0,0,0,0,0,3,13,0,0,0,0,0,0,0,0,0,0,0,0,0,2,0,0,0,2,0,0,9,0,0,0,0,5,0,0,0,0,0,0,0,0,0,0,0,0,0,0,0,0,0,0,0,0,0,0,0,0,0,0,0,0,0,0,0,0,0,0,0,0,0,0,0,0,0,0,0,0,0,0,0,0,0,52,0,6,0,78,0,2,0,0,0,0,0,0,2,0,0,0,0,0,0,0,0,0,0,0,0,0,97,0,0,0,0,0,0,0,0,0,0,0,0,0,0,0,0,0,0,0,0,0,0,0,0,0,0,0,0,0,0,0,0,0,0,0,0,0,0,0,0,1,0,0,0,0,0,0,0,0,0,0,0,0,0,0,0,0,0,0,0,0,0,0,111,0,0,0,0,0,0,0,0,0,3,0,0,0,0,0,0,0,0,0,0,0,0,1,0,0,0,0,0,0,0,0,5,0,0,0,0,0,0,0,0,0,0,0,0,0,0,0,21,0,0,0,82,0,0,0,0,0,0,0,0,0,0,0,0,0,0,0,0,0,0,2,0,0,0,0,303,0,0,0,0,0,5,0,0,0,0,0,0,0,0,0,0,0,0,0,0,0,0,0,900,,19,0.021111111,,0,0,,19,0.021111111
M18,18,vac,10^2,2,1,2_1,44,3.798455661,6.063653579,0.695760278,0.14087556,0.061392623,-0.023078422,-0.206584579,0,13,3,0,0,0,0,0,3,0,0,0,221,0,0,1,0,0,0,0,0,0,0,1,0,0,0,0,0,0,0,6,0,0,0,0,11,0,0,0,0,0,0,0,0,0,0,0,0,0,1,0,0,0,19,0,0,0,0,0,0,0,0,0,0,0,113,0,0,0,0,0,0,0,0,0,3,0,6,0,0,0,0,0,0,2,0,0,0,0,0,0,0,0,0,0,0,0,0,0,0,0,0,0,0,0,0,0,0,0,0,0,1,0,0,0,0,0,0,0,0,0,9,0,0,0,46,0,0,0,0,0,0,0,193,0,5,0,0,0,0,2,0,0,19,12,0,0,0,0,0,0,0,0,0,0,0,0,0,0,0,2,0,0,0,0,0,0,0,0,0,0,0,0,0,0,0,0,0,0,0,0,0,0,0,0,0,0,0,0,0,0,0,0,0,0,0,0,0,4,0,0,0,0,6,0,5,0,11,0,0,0,15,0,0,0,0,0,0,0,0,0,0,0,0,0,0,0,0,2,0,0,0,0,3,0,0,0,1,0,0,0,24,0,0,0,0,0,0,0,0,0,0,0,0,0,0,4,0,0,0,0,0,0,0,0,0,0,0,0,0,0,0,0,0,0,0,0,0,12,0,0,0,0,0,0,0,0,0,0,0,0,6,44,0,0,4,0,0,5,0,0,0,0,0,0,0,0,0,0,0,0,0,0,0,0,0,0,0,0,0,0,19,0,0,0,0,0,0,0,0,0,0,0,0,0,0,0,0,0,0,24,0,0,0,13,0,0,0,0,0,0,0,0,0,0,0,0,0,0,0,0,0,0,0,0,0,0,3,1,2,0,0,0,0,0,0,0,0,0,0,0,0,0,0,0,0,0,0,0,0,0,0,900,,241,0.267777778,,0,0,,241,0.267777778
M19,19,vac,10^2,2,1,2_1,25,1.369705959,3.330225334,0.294950124,0.383461248,-0.060705096,-0.324431806,0.049996008,0,3,0,0,0,0,0,1,3,0,0,0,24,0,0,0,0,0,0,0,0,0,0,0,1,0,0,0,0,0,0,0,0,0,0,0,0,0,0,0,0,0,0,0,0,0,0,1,0,0,0,0,0,0,1,0,0,0,0,0,0,0,0,0,0,0,704,0,0,0,0,0,0,0,0,0,0,0,0,0,0,0,0,0,0,0,0,0,0,0,0,0,0,0,0,0,0,0,0,0,0,0,0,0,0,0,0,0,0,0,0,0,0,0,0,0,0,0,0,0,0,0,7,0,0,0,73,0,0,0,0,0,0,0,0,0,0,0,0,1,0,0,0,0,3,0,0,0,0,0,0,0,1,0,0,0,0,0,0,0,0,0,0,0,0,0,0,0,0,0,0,0,0,0,0,0,0,0,0,0,0,0,0,0,0,0,0,0,0,0,0,0,0,0,0,1,0,0,0,0,0,0,2,0,7,0,2,0,0,0,0,0,0,0,0,0,1,0,0,0,0,0,0,0,0,0,0,0,0,0,0,0,0,0,0,0,0,0,0,0,0,0,4,0,0,0,0,0,0,0,0,0,0,0,0,0,0,0,0,0,2,0,0,0,0,0,0,0,0,0,0,0,0,0,0,0,0,0,0,0,0,0,0,0,0,0,0,0,0,0,1,0,0,0,0,0,0,0,0,0,0,0,0,0,0,0,0,0,0,0,0,0,0,0,0,0,0,0,0,0,0,54,0,0,0,0,0,0,0,0,0,0,0,0,0,0,0,0,0,0,0,1,0,0,0,0,0,0,1,0,0,0,0,0,0,0,0,0,0,0,0,0,0,0,0,0,0,0,0,0,0,0,0,0,0,0,0,0,0,0,0,0,0,1,0,0,0,0,0,0,0,0,0,900,,31,0.034444444,,0,0,,31,0.034444444
M20,20,vac,10^2,2,1,2_1,60,4.233612188,7.622330636,0.716724327,-0.158489635,0.288484219,0.227423294,0.187931059,0,0,0,0,0,0,0,0,0,2,0,0,5,0,0,1,0,0,0,0,0,0,0,0,0,0,0,0,0,0,0,5,0,7,0,0,0,0,0,0,0,0,14,0,0,0,0,5,0,0,0,0,0,0,0,0,0,0,0,0,0,2,0,0,0,0,4,0,0,0,0,0,0,0,0,0,0,0,0,0,0,0,0,0,0,0,0,0,0,0,1,0,0,0,0,0,54,0,0,0,0,0,0,0,0,0,0,0,0,0,0,0,1,0,0,3,0,0,0,0,0,0,0,1,0,21,15,1,0,6,14,0,0,0,0,0,0,0,0,0,35,0,0,0,0,0,0,1,0,0,0,0,0,2,0,0,9,1,6,0,0,0,0,0,0,0,3,0,0,0,0,29,0,0,0,0,3,0,0,0,6,0,0,0,0,0,0,0,10,0,0,0,0,0,0,0,0,0,0,0,0,0,245,0,11,0,29,4,0,9,0,0,51,0,0,9,0,0,0,0,0,0,0,0,0,0,0,2,4,5,0,0,0,1,0,33,0,0,0,4,0,0,0,4,0,0,0,0,0,0,0,0,0,0,0,0,0,0,0,0,0,0,0,0,0,0,4,0,0,0,0,0,0,0,0,0,0,0,0,0,0,0,0,0,0,0,0,0,0,0,0,0,0,0,0,1,4,0,0,0,0,0,0,7,0,0,3,0,0,0,0,0,0,0,0,0,8,0,0,0,0,0,0,0,0,0,0,0,0,0,0,2,0,0,0,0,0,0,0,0,0,0,0,0,0,20,0,0,0,0,0,0,0,0,0,0,5,0,1,0,0,0,1,0,0,0,9,0,0,10,0,1,0,0,0,0,0,144,0,0,0,0,0,0,0,0,0,0,0,0,0,0,2,900,,8,0.008888889,,0,0,,8,0.008888889
M22,22,vac,10^2,2,1,2_1,46,3.676495852,6.765871689,0.665602356,0.063019632,0.019822605,0.085073303,-0.179682653,39,2,2,0,0,0,0,0,8,0,13,0,258,0,0,0,0,0,0,0,0,0,0,0,0,0,0,0,0,0,0,0,0,0,0,0,0,0,0,0,0,9,0,4,0,0,0,6,0,0,0,0,0,0,0,0,0,0,0,0,0,0,0,0,0,0,230,0,0,0,0,0,0,0,0,0,11,0,0,0,4,0,0,0,0,0,0,0,0,0,0,0,0,0,10,0,0,0,0,0,0,0,0,1,0,0,0,0,0,0,5,0,1,0,0,0,0,0,0,0,0,0,0,0,0,7,0,0,0,0,8,0,0,0,0,0,0,0,0,0,0,0,0,0,2,0,0,0,0,0,2,0,16,0,6,0,0,0,0,0,0,0,0,0,0,0,0,0,0,9,0,0,0,0,0,0,0,0,0,0,0,0,0,0,0,0,0,0,0,0,0,0,0,0,0,0,0,0,0,0,0,0,45,0,4,2,38,0,0,19,0,0,0,0,0,0,6,0,0,0,0,0,0,0,0,10,0,0,0,0,0,0,0,0,0,0,0,0,0,0,0,0,0,0,0,0,0,1,0,0,2,4,0,0,0,0,0,0,0,0,43,0,0,0,0,0,0,0,0,0,0,0,0,0,0,0,0,0,14,6,0,0,0,0,0,0,0,0,0,24,5,0,11,0,1,0,2,0,0,0,0,0,0,0,0,0,0,0,0,0,0,0,0,0,0,0,0,0,0,0,0,0,0,0,0,0,0,0,0,0,0,0,0,0,0,0,0,0,0,0,0,0,0,0,0,3,3,1,0,0,0,0,0,0,0,0,0,0,0,0,0,0,0,0,0,0,0,0,0,2,0,0,0,0,0,0,0,0,0,0,0,0,0,0,0,0,0,0,0,0,1,0,0,900,,322,0.357777778,,0,0,,322,0.357777778
M25,25,vac,10^2,2,3,2_3,57,3.656165927,6.653607377,0.626818938,0.073655962,0.074940333,0.099777733,-0.223214568,0,0,0,0,0,0,0,0,39,0,0,0,144,0,0,0,2,0,0,0,0,0,0,0,0,0,0,0,0,0,0,3,0,0,0,0,0,0,0,0,0,0,0,0,3,0,0,0,0,0,0,0,0,2,0,0,2,0,0,0,0,0,0,0,0,1,292,0,0,0,0,0,0,4,7,0,0,0,0,0,0,0,0,0,0,0,0,0,0,0,0,0,0,0,0,0,0,0,3,0,0,0,0,0,0,0,0,0,0,0,0,0,0,0,0,0,0,0,0,6,0,0,0,0,0,0,0,1,0,0,0,4,0,0,0,0,0,2,0,0,0,5,0,0,0,0,0,2,0,0,0,0,0,0,0,0,0,2,0,0,0,0,0,6,0,0,6,0,0,4,0,0,0,0,0,0,0,0,0,0,0,0,1,0,0,2,1,0,0,0,7,2,0,0,0,2,0,0,0,0,0,0,69,0,6,0,117,0,0,14,0,0,0,0,0,3,0,0,3,0,0,0,1,0,0,0,3,3,0,0,0,0,0,6,1,0,0,0,0,0,0,0,0,0,0,0,0,0,0,0,1,2,0,0,0,0,0,0,0,0,0,0,0,0,0,0,0,0,0,0,0,0,0,1,0,0,0,0,2,0,0,0,0,0,0,0,0,2,1,7,0,0,0,31,0,0,1,0,0,0,0,0,0,0,0,0,0,0,0,0,0,0,25,0,0,0,0,0,0,0,0,0,0,0,0,0,0,0,7,0,0,0,0,0,3,0,0,0,0,0,0,2,3,0,0,13,0,3,0,0,13,0,0,0,0,0,0,0,0,0,0,0,0,0,0,0,0,0,0,0,0,0,0,0,0,0,0,0,0,0,0,0,0,0,2,0,0,0,0,0,0,0,0,900,,185,0.205555556,,0,0,,185,0.205555556
M26,26,vac,10^2,2,3,2_3,35,2.568493632,4.335254433,0.500751006,0.29426364,-0.045948188,-0.221590206,0.102104664,0,6,0,0,0,0,0,0,6,0,0,0,18,0,0,9,0,0,0,0,0,0,0,0,0,0,0,0,0,0,0,3,0,0,0,0,0,0,0,0,0,0,0,1,0,0,10,5,0,0,0,0,0,0,130,0,0,0,0,0,0,0,0,0,0,0,519,0,0,0,0,0,0,0,0,0,0,0,0,0,0,0,0,0,0,0,0,0,0,4,0,0,0,3,0,0,0,0,0,0,0,0,0,0,0,0,0,0,0,0,0,0,7,0,0,0,0,0,0,0,0,0,2,0,0,1,1,0,0,0,0,0,0,0,0,0,0,22,0,0,0,0,0,0,9,0,0,0,0,1,0,0,2,0,0,0,0,0,2,0,0,0,0,0,0,0,0,0,0,5,0,0,0,0,0,0,0,0,0,0,0,0,0,0,0,0,0,0,0,0,0,0,0,0,0,11,0,14,0,0,0,0,25,0,0,0,37,0,2,0,0,0,0,0,0,0,0,29,0,0,0,0,0,0,0,0,0,0,0,0,0,0,0,0,0,0,0,0,4,0,0,0,4,0,0,0,0,0,0,0,0,0,0,1,0,0,0,0,0,0,1,0,0,0,0,0,0,0,0,0,0,0,0,0,0,0,0,0,0,0,0,0,0,0,0,0,2,0,0,0,0,0,0,0,0,0,0,0,0,0,0,0,0,0,0,0,0,0,0,0,0,0,0,0,0,0,0,0,0,0,0,3,0,0,0,0,0,0,0,0,0,0,0,0,0,0,0,0,0,0,0,0,0,0,0,0,0,1,0,0,0,0,0,0,0,0,0,0,0,0,0,0,0,0,0,0,0,0,0,0,0,0,0,0,0,0,0,0,0,0,0,0,0,0,0,0,0,0,0,0,0,0,0,900,,39,0.043333333,,0,0,,39,0.043333333
M27,27,vac,10^2,2,3,2_3,30,2.256587468,5.216580975,0.459881349,0.315252287,-0.011090129,0.015373426,0.220866847,0,0,0,0,0,0,0,0,0,2,0,0,194,0,0,0,0,0,0,0,0,4,0,0,0,0,0,0,0,0,0,0,0,0,0,0,0,0,0,0,0,0,0,0,0,0,0,6,0,0,0,0,14,1,0,0,0,0,0,0,0,0,0,0,0,0,423,0,0,0,1,0,0,0,0,0,0,0,0,0,0,0,0,0,0,0,0,0,0,0,0,0,0,0,2,0,0,0,0,0,0,0,0,0,0,0,0,0,0,0,0,0,1,0,0,1,0,0,0,0,0,0,4,0,0,0,0,0,0,0,1,0,0,0,189,0,0,0,0,0,0,0,0,0,0,0,0,0,0,0,0,0,0,0,0,0,0,0,0,0,0,0,0,0,0,0,0,0,0,0,3,0,0,0,0,0,4,0,0,0,3,0,3,0,0,0,0,0,0,0,0,0,0,0,0,0,0,0,0,0,0,0,8,0,6,0,1,0,0,0,0,0,1,0,0,0,0,0,0,0,0,0,0,0,0,0,0,0,0,0,0,0,0,0,4,3,0,0,1,0,0,0,0,0,0,0,7,0,0,0,0,0,0,0,0,0,0,0,0,0,0,0,0,0,0,0,0,0,0,0,0,0,0,0,0,0,0,0,0,0,0,0,0,0,0,0,0,0,0,0,0,0,0,0,0,0,0,0,0,0,0,5,0,0,0,0,0,0,0,0,0,0,0,0,0,0,0,0,0,0,0,1,0,3,0,0,0,0,0,0,0,0,0,0,0,0,0,0,0,0,0,0,0,0,0,0,0,0,0,0,0,0,0,0,0,0,0,0,0,0,0,0,0,4,0,0,0,0,0,0,0,0,0,0,0,0,0,0,0,0,0,0,0,0,0,0,0,0,0,0,0,0,0,900,,200,0.222222222,,0,0,,200,0.222222222
M28,28,vac,10^2,2,3,2_3,45,3.545212968,6.005481993,0.645540386,0.057034265,0.220479735,0.047798107,0.052761192,0,11,0,0,0,0,0,0,0,0,0,0,221,0,0,0,0,0,0,0,0,0,0,0,0,0,0,0,0,0,0,0,0,0,2,2,0,0,0,0,2,0,0,1,0,2,0,204,0,0,0,4,0,2,0,0,0,0,0,0,0,0,0,0,0,0,161,0,0,0,0,0,0,0,0,2,0,0,0,0,0,0,0,0,0,0,0,0,0,3,0,0,0,0,0,0,0,0,0,0,0,0,0,0,0,0,0,0,0,0,3,0,3,0,0,38,0,2,0,0,0,0,0,0,0,0,7,0,0,0,27,0,0,0,0,0,0,0,0,0,3,0,0,0,6,0,0,0,0,0,0,1,0,0,4,0,0,0,0,0,0,0,0,0,0,0,2,0,0,2,0,0,0,0,0,0,0,0,0,0,3,0,0,0,0,0,0,0,0,0,0,0,0,0,0,0,0,0,0,0,0,0,0,0,2,0,0,0,0,0,0,0,43,0,0,0,0,0,0,0,0,0,0,0,0,0,0,2,0,0,0,0,0,0,0,23,0,0,8,0,6,0,0,0,0,0,7,0,0,0,0,0,0,2,0,0,0,0,0,0,3,0,0,0,0,0,0,0,0,0,0,0,0,7,0,0,0,0,29,0,0,0,0,8,0,0,0,0,0,6,0,0,0,0,0,0,0,0,0,0,0,0,0,15,0,0,0,0,0,1,0,0,0,0,0,0,0,0,0,0,0,0,0,0,0,0,0,0,2,0,0,0,3,0,0,0,0,0,0,0,0,0,0,0,0,0,0,0,0,0,0,0,0,0,0,0,0,0,0,0,0,0,0,0,0,0,0,0,0,0,0,0,0,0,0,0,0,8,0,0,0,0,0,0,0,0,7,0,0,0,0,0,0,900,,232,0.257777778,,1,0.001111111,,233,0.258888889
M29,29,vac,10^2,2,5,2_5,44,3.857066969,6.711055892,0.706496067,0.023406624,0.112547653,0.189357302,0.169557371,3,0,0,0,0,0,0,0,0,0,0,0,163,0,0,0,0,0,0,0,0,0,0,0,0,0,0,0,0,0,0,0,0,9,0,0,0,0,0,0,0,0,0,0,0,4,0,53,0,0,0,5,0,0,0,0,0,0,0,0,0,4,0,0,0,0,176,0,0,0,0,0,0,0,0,0,0,0,6,0,0,0,0,0,0,7,0,0,0,0,0,0,0,0,0,0,0,0,0,0,0,0,0,0,0,0,0,0,0,0,0,0,3,0,0,0,0,2,0,0,0,0,0,0,0,17,0,0,0,0,43,0,0,0,0,0,0,0,0,0,0,0,0,0,0,0,0,0,0,0,0,0,0,0,0,0,0,0,7,0,0,0,2,4,0,0,2,0,0,0,0,0,0,0,0,0,3,0,0,0,2,0,0,0,0,0,0,0,1,0,0,0,0,0,0,0,0,0,0,0,0,0,166,0,51,0,30,0,0,4,0,4,16,0,0,0,0,0,4,0,0,0,0,0,0,0,0,0,0,0,0,0,6,0,5,11,0,0,0,3,0,2,0,0,0,0,2,0,0,0,0,0,0,18,0,0,0,0,0,0,0,0,0,0,0,0,0,0,0,0,0,0,0,0,0,0,0,0,17,0,0,0,0,0,0,0,0,0,0,0,0,0,0,0,0,0,12,0,0,0,0,0,0,0,0,0,0,0,0,0,0,0,0,0,0,0,0,5,0,0,0,6,0,0,0,0,0,0,0,0,0,0,1,0,0,0,0,0,0,0,0,0,0,0,0,3,1,0,0,0,0,0,0,0,0,0,0,0,0,0,0,0,0,0,0,0,2,0,0,0,0,0,0,0,0,0,0,15,0,0,0,0,0,0,0,0,0,0,0,0,0,0,0,900,,166,0.184444444,,0,0,,166,0.184444444
M30,30,vac,10^2,2,5,2_5,65,5.044299483,7.863955242,0.837594056,-0.135457692,0.069044513,0.093363609,-0.264238946,0,2,0,0,0,0,0,7,23,0,0,0,125,0,0,0,0,0,0,0,0,0,0,0,2,0,0,0,0,0,0,24,4,0,0,0,0,0,0,0,0,0,0,88,11,0,8,0,0,0,6,0,3,39,0,0,0,0,7,0,0,0,0,0,0,13,3,0,0,0,0,0,0,0,4,0,0,0,0,0,0,0,0,0,0,2,0,0,0,0,0,0,0,0,0,0,0,1,14,0,0,0,0,0,0,0,0,0,0,0,16,0,43,0,0,0,0,0,0,0,0,0,0,0,0,0,16,8,0,0,0,0,0,0,0,0,0,0,0,0,0,3,0,0,6,0,3,2,0,0,11,0,0,0,3,0,0,0,0,0,0,0,0,0,0,0,52,0,0,8,13,0,0,0,0,0,0,0,4,0,0,0,0,9,0,2,0,2,0,0,0,0,0,0,0,7,2,0,0,0,0,0,0,0,9,0,28,3,0,1,0,0,7,0,0,0,0,16,9,0,0,0,0,0,0,0,0,0,0,0,0,0,0,0,0,0,0,0,5,0,0,0,0,0,0,0,4,0,0,5,0,0,0,0,0,0,0,0,6,3,4,0,0,0,0,0,0,0,0,0,0,0,0,0,0,0,0,0,0,0,0,0,0,0,0,42,0,0,0,36,0,0,0,0,0,0,0,0,0,0,0,0,0,0,0,0,0,2,0,0,0,0,0,0,0,0,0,0,0,1,0,8,0,0,0,0,0,0,0,0,0,0,0,0,0,0,0,0,4,0,0,14,0,0,0,57,0,0,0,0,6,0,0,8,10,0,0,0,0,0,0,0,0,0,0,0,0,0,0,0,0,0,0,0,0,0,0,0,0,0,0,0,0,3,0,0,0,0,0,0,13,0,0,900,,157,0.174444444,,0,0,,157,0.174444444
M31,31,vac,10^2,2,5,2_5,72,5.120323,9.231843504,0.829884156,-0.133573066,0.183057357,0.234906862,0.126858995,9,0,0,0,0,0,0,0,7,0,0,0,14,0,0,17,0,0,0,0,0,0,0,0,0,0,0,0,0,0,2,5,0,0,0,0,0,0,0,1,0,0,6,15,0,0,4,21,2,0,0,1,0,1,4,0,0,0,0,0,0,3,0,0,0,0,8,0,0,0,0,0,0,0,0,0,0,0,0,0,0,0,0,0,0,0,0,0,0,0,0,0,0,0,0,0,0,0,0,0,0,0,0,0,0,0,0,0,0,0,0,0,0,0,0,1,0,0,0,0,0,0,4,0,0,28,42,2,0,0,64,0,0,0,0,0,0,0,0,0,23,0,0,0,0,0,0,0,0,0,5,0,12,0,0,0,0,0,0,4,0,2,0,6,3,0,4,0,0,0,0,0,0,0,1,0,9,0,0,0,4,0,0,1,0,0,0,0,0,0,0,0,0,0,0,3,0,0,0,0,0,1,68,0,0,0,0,87,4,2,0,0,14,0,0,38,0,0,0,0,0,0,0,0,0,0,0,0,17,9,0,0,0,0,0,3,0,0,1,12,0,0,43,2,3,0,0,0,0,0,0,9,0,0,0,0,0,0,0,0,0,0,0,0,0,0,0,0,0,0,2,0,0,0,0,0,9,0,2,0,0,19,0,1,0,10,0,0,0,0,0,0,0,54,0,2,0,0,0,0,0,0,0,1,0,11,2,0,0,0,0,0,0,0,0,0,7,0,0,0,0,0,0,0,0,0,0,0,1,0,0,0,0,0,0,0,0,0,0,0,0,0,0,0,0,16,0,0,0,0,11,0,0,0,0,2,0,0,0,0,0,0,0,0,79,2,12,0,0,0,0,0,0,0,0,0,0,6,0,0,0,0,0,0,0,0,0,0,0,0,0,0,0,900,,47,0.052222222,,0,0,,47,0.052222222
M32,32,vac,10^2,2,5,2_5,18,1.669044608,2.873857334,0.400257704,-0.071940339,-0.098647952,-0.210501954,0.088487717,0,26,0,0,0,0,0,0,0,0,0,12,675,0,0,0,0,0,0,0,0,30,0,0,0,0,0,0,0,0,0,0,0,0,0,0,0,0,0,0,0,0,0,0,0,0,0,0,0,0,0,0,0,0,0,0,0,0,0,0,0,0,0,0,0,0,3,0,0,0,0,0,0,0,0,0,0,0,0,0,0,0,0,0,0,0,0,0,0,0,0,0,0,0,0,0,0,0,0,0,0,0,0,0,0,0,0,0,0,0,0,0,0,0,0,2,0,0,0,0,0,0,0,0,0,0,0,0,0,0,33,0,0,0,0,0,0,0,0,0,0,0,0,0,0,0,0,0,0,0,0,3,0,0,0,0,0,0,0,0,0,0,0,0,0,0,0,0,0,50,0,0,0,0,0,13,0,0,0,0,0,0,0,0,0,0,0,0,6,0,0,0,0,0,0,0,0,0,9,0,0,0,0,0,3,0,0,0,0,0,0,0,4,0,0,0,0,0,0,0,0,0,0,0,0,0,0,0,0,0,0,0,0,0,0,0,0,0,0,0,0,0,0,0,0,0,0,0,0,0,0,0,0,0,0,0,0,0,0,0,0,0,0,0,0,0,0,0,0,0,0,0,0,0,0,0,0,0,1,0,0,0,0,0,0,0,0,0,0,0,0,0,0,0,0,0,0,0,0,0,0,0,0,0,0,0,0,0,0,0,0,0,0,0,0,14,0,0,0,0,0,0,0,0,0,0,0,0,0,0,0,0,0,0,0,0,0,0,0,0,0,0,0,0,0,0,14,0,0,0,0,0,0,0,0,0,0,0,0,0,0,0,0,0,0,0,0,0,0,0,0,0,0,0,0,0,0,2,0,0,0,0,0,0,0,0,0,0,0,0,0,0,0,900,,743,0.825555556,,3,0.003333333,,746,0.828888889
M33,33,vac,10^2,2,5,2_5,28,1.913137744,4.784302995,0.397960578,-0.089253146,-0.060894453,0.024225157,0.077056963,0,1,0,0,0,2,0,0,0,0,0,0,655,0,0,0,0,0,0,0,0,0,0,0,0,0,0,0,0,0,0,0,0,0,0,0,0,0,0,0,0,0,0,0,0,0,0,47,0,0,0,0,0,0,0,0,0,0,0,0,0,0,0,0,0,0,22,0,0,0,0,0,0,0,0,0,0,0,0,0,0,0,0,0,0,0,0,0,0,0,0,0,0,0,0,0,0,0,5,0,0,0,0,2,0,0,0,0,0,0,0,0,0,0,0,0,0,0,0,0,0,0,3,0,0,0,0,0,0,0,0,0,0,0,0,0,0,0,0,0,0,0,0,0,0,0,0,0,0,0,0,1,0,0,0,0,0,0,2,0,0,0,0,0,0,0,0,0,0,0,0,0,0,0,0,0,0,0,0,0,4,0,0,0,0,0,0,0,0,0,0,0,0,0,0,0,0,1,0,0,0,0,30,0,10,0,19,0,0,0,0,0,0,0,0,0,0,6,0,7,0,0,0,0,0,0,1,0,0,0,0,0,0,0,19,16,0,0,0,0,0,0,0,0,0,0,24,0,0,0,0,0,0,0,0,0,0,0,0,0,0,0,5,0,0,0,0,0,0,0,3,0,0,0,0,0,0,0,3,0,0,0,0,3,0,0,0,0,0,0,0,0,0,3,0,0,0,0,0,0,0,0,0,0,0,0,0,0,0,0,0,0,0,0,0,0,0,0,0,0,0,0,0,0,0,0,0,0,0,0,0,0,0,0,0,0,0,0,0,0,0,0,0,0,0,0,0,0,0,0,0,0,0,0,0,1,0,0,0,0,0,0,0,0,0,0,0,0,0,0,0,0,0,0,0,0,0,5,0,0,0,0,0,0,0,0,0,0,0,0,0,0,0,900,,658,0.731111111,,1,0.001111111,,659,0.732222222
M35,35,vac,10^2,2,5,2_5,67,4.361331337,8.694264042,0.718969207,0.020515013,0.186846605,0.224046792,0.087749445,0,32,0,0,0,0,0,0,0,3,0,0,195,0,0,0,0,0,0,0,0,0,0,0,0,0,0,0,0,0,0,0,0,0,9,0,3,0,1,2,0,0,0,0,6,3,0,54,0,0,0,0,3,2,0,0,0,0,0,0,0,2,0,0,0,2,164,0,0,0,0,0,0,0,0,0,0,0,0,0,0,0,0,0,0,0,0,0,0,0,0,0,0,0,0,0,0,0,0,0,0,0,0,4,0,0,0,0,0,0,0,0,4,0,0,0,0,0,0,2,0,0,0,3,0,21,0,3,0,0,9,0,0,0,0,0,0,0,0,0,13,0,0,2,40,0,0,0,0,0,0,0,0,0,0,5,0,0,0,0,0,0,2,2,0,0,3,0,0,1,0,0,0,0,0,0,0,0,0,0,8,0,0,0,0,0,0,0,6,0,0,0,0,0,0,0,0,2,0,0,0,0,7,0,1,0,20,0,0,0,0,4,81,0,0,1,0,0,2,0,0,0,0,13,0,0,0,0,0,0,0,0,0,0,5,0,0,0,0,3,3,0,0,0,0,0,0,0,0,0,0,0,0,7,0,0,0,0,0,0,0,0,0,0,0,0,0,0,0,0,1,0,0,0,0,0,2,0,8,0,0,0,0,3,3,7,0,0,0,4,0,0,2,0,0,0,0,0,0,0,0,0,0,0,0,0,3,2,0,0,0,0,2,0,0,3,4,3,0,0,0,7,0,2,0,0,0,0,32,0,0,0,0,0,0,0,0,0,18,0,0,0,0,0,0,2,0,0,4,0,0,0,0,0,0,0,0,0,0,0,0,0,0,0,0,0,6,0,0,0,0,0,0,0,0,0,0,24,0,0,0,0,0,0,0,0,0,0,0,0,0,0,0,900,,230,0.255555556,,0,0,,230,0.255555556
M37,37,vac,10^3,3,3,3_3,64,4.470237356,7.767848582,0.745039559,-0.207678107,0.00693854,0.177035751,-0.195887045,0,0,0,0,0,0,0,0,13,0,0,0,22,0,0,7,1,0,0,0,0,2,0,0,0,0,0,0,0,0,0,74,0,0,0,0,3,0,0,17,0,0,0,0,8,0,2,0,0,0,0,0,0,9,0,0,0,0,0,0,0,0,0,0,0,0,0,0,0,1,0,0,0,0,3,0,0,0,0,0,0,3,0,0,0,0,13,0,4,0,0,0,0,0,0,0,0,0,0,0,6,0,0,0,0,0,0,0,0,0,1,0,4,0,0,0,0,0,1,0,0,0,0,0,0,0,5,11,1,0,0,0,0,0,0,0,0,0,0,0,0,0,0,0,2,0,2,3,0,23,0,0,0,42,47,0,0,0,0,0,0,0,0,0,0,0,3,0,0,0,0,0,0,0,0,0,0,0,0,0,0,0,0,0,0,0,0,0,0,0,0,0,0,0,0,4,0,0,0,0,0,0,78,0,14,0,187,0,0,6,0,0,3,0,0,0,2,6,0,0,0,1,2,1,0,0,0,0,0,2,0,0,0,0,0,0,0,0,0,0,0,0,0,0,0,0,3,0,0,0,0,0,0,0,0,0,0,0,0,0,8,0,3,0,0,0,0,0,0,0,0,0,0,0,1,0,0,0,0,0,0,0,0,0,0,0,0,0,0,6,1,0,0,1,0,0,3,0,0,0,0,0,0,0,0,0,0,0,1,0,0,0,0,0,0,4,0,0,0,0,0,0,0,1,0,1,0,0,0,0,0,0,0,0,0,0,0,0,65,0,0,0,0,0,0,64,0,0,0,0,1,0,0,3,2,0,0,0,0,0,0,0,0,0,39,0,3,0,0,43,0,0,0,0,0,0,0,0,5,0,0,0,0,0,0,0,0,0,0,0,3,0,0,900,,45,0.05,,0,0,,45,0.05
M38,38,vac,10^3,3,3,3_3,47,3.403128517,5.074626526,0.612669742,0.144747276,-0.022435458,-0.150172901,0.122881934,0,57,0,0,0,0,0,4,0,0,2,0,5,0,5,12,0,0,1,0,0,0,0,0,1,0,0,0,2,0,2,0,0,0,0,0,0,0,0,0,0,0,0,60,0,0,0,0,0,1,0,0,0,0,16,0,0,0,0,0,0,0,0,0,0,4,357,0,0,0,0,0,0,0,0,0,1,5,0,0,0,1,0,0,0,0,0,0,0,0,0,0,3,1,0,0,0,0,0,0,0,0,0,14,0,0,0,0,0,0,2,0,4,0,0,0,0,0,0,0,0,0,7,0,0,0,9,0,0,0,1,0,0,0,0,0,0,0,0,0,0,0,0,0,89,0,0,0,2,3,0,0,1,0,0,0,0,0,0,0,0,0,0,0,0,0,0,0,0,0,0,0,0,0,0,0,0,0,0,0,0,0,0,0,0,0,0,0,0,0,0,0,0,0,0,8,0,0,0,0,0,0,45,0,0,0,0,0,0,0,0,0,3,0,0,1,4,12,0,0,0,0,0,0,0,0,0,1,0,0,0,0,0,0,0,0,0,0,104,0,0,0,0,0,0,0,0,0,0,0,0,0,0,0,0,0,0,0,0,0,3,0,0,0,1,0,0,0,0,0,0,0,0,0,0,0,0,0,0,0,0,18,0,0,0,0,0,0,0,0,0,0,0,0,0,0,0,0,0,0,0,0,0,1,0,0,0,0,0,2,1,0,0,0,0,0,0,0,0,0,0,0,0,0,0,0,0,0,18,0,0,0,0,0,0,0,0,0,0,0,0,0,0,0,0,0,0,0,0,0,0,1,0,0,0,0,0,0,0,0,0,0,0,0,0,0,0,0,0,0,0,0,0,0,0,0,0,0,0,5,0,0,0,0,0,0,0,0,0,0,0,0,0,900,,86,0.095555556,,0,0,,86,0.095555556
M39,39,vac,10^3,3,3,3_3,24,2.28751703,4.5587369,0.498917282,0.289605032,-0.074336503,-0.140098865,0.183480377,0,22,0,0,0,0,0,0,0,0,2,0,24,0,0,0,0,0,0,0,0,0,0,0,0,0,0,0,0,0,0,0,0,0,0,0,0,0,0,0,0,0,0,0,0,0,0,14,0,0,0,0,3,0,1,0,0,0,0,0,0,0,0,0,0,0,407,0,0,0,0,0,0,0,0,0,0,0,0,0,0,2,0,0,0,0,0,0,0,0,0,0,0,1,0,0,0,0,0,0,0,0,0,5,0,0,0,0,0,0,0,0,0,0,0,0,0,0,0,0,0,0,6,0,0,1,299,0,0,0,0,0,0,0,0,0,0,0,0,3,0,0,0,0,45,0,0,0,0,0,0,7,1,0,0,0,0,0,0,0,0,0,0,0,0,0,0,0,0,0,0,0,0,0,0,0,0,0,0,0,0,0,0,0,0,0,0,0,0,1,0,0,0,0,0,0,0,2,0,0,0,0,0,0,0,0,0,0,0,0,0,0,1,0,0,0,0,0,0,0,0,0,0,0,0,0,0,0,0,0,0,0,0,0,0,0,0,0,0,0,0,0,0,0,0,0,0,0,0,0,0,0,0,0,0,0,0,0,0,0,7,0,0,0,0,0,0,0,0,0,0,0,0,0,0,0,0,0,0,0,0,0,0,0,0,0,0,0,0,0,0,0,0,0,0,0,0,0,0,0,0,0,0,0,0,0,0,0,0,0,0,0,0,0,0,0,0,0,0,0,0,25,0,3,0,0,0,0,0,0,0,0,0,0,0,0,0,0,0,0,0,0,0,0,0,0,0,0,0,0,0,0,0,0,0,0,0,0,0,0,0,0,0,0,0,0,0,0,0,0,0,0,0,0,0,0,0,0,0,0,0,0,0,0,0,0,18,0,0,0,0,0,0,900,,48,0.053333333,,7,0.007777778,,55,0.061111111
M40,40,vac,10^3,3,3,3_3,14,1.049517639,2.61988677,0.27565532,0.419066051,-0.004775235,-0.280680432,0.162910233,0,1,0,0,0,0,0,2,0,0,0,0,0,0,0,0,0,0,0,0,0,0,0,0,0,0,0,0,0,0,0,0,0,0,0,0,0,0,0,0,0,0,0,0,0,0,5,56,0,0,0,0,0,0,2,0,0,0,0,0,0,0,0,0,0,0,61,0,0,0,0,0,0,0,0,0,0,0,0,0,0,0,0,0,0,0,0,0,0,0,0,0,0,0,0,0,0,0,0,0,0,0,0,0,0,0,0,0,0,0,0,0,0,0,0,0,0,0,0,0,0,0,0,0,0,1,3,0,0,0,0,0,0,0,746,0,0,0,0,0,0,0,0,0,3,0,0,0,0,0,0,0,0,0,0,0,0,0,0,0,0,0,0,0,0,0,0,0,0,0,0,0,0,0,2,0,0,0,0,0,0,0,0,0,0,0,0,0,0,0,0,0,0,0,0,0,0,0,0,0,0,0,0,0,0,0,0,0,5,0,0,0,0,0,0,1,0,0,0,0,0,0,0,0,0,0,0,0,0,0,0,0,0,0,0,0,0,0,0,0,0,0,0,0,0,0,0,0,0,0,0,0,0,0,0,0,0,0,0,0,0,0,0,0,0,0,0,0,0,0,0,0,0,0,0,0,0,0,0,0,0,0,0,0,0,0,0,0,0,0,0,0,0,0,0,0,0,0,0,0,0,0,0,0,0,0,0,0,0,0,0,0,0,0,0,0,0,0,0,0,0,12,0,0,0,0,0,0,0,0,0,0,0,0,0,0,0,0,0,0,0,0,0,0,0,0,0,0,0,0,0,0,0,0,0,0,0,0,0,0,0,0,0,0,0,0,0,0,0,0,0,0,0,0,0,0,0,0,0,0,0,0,0,0,0,0,0,0,0,0,0,0,0,900,,3,0.003333333,,0,0,,3,0.003333333
M41,41,vac,10^3,3,3,3_3,49,4.445914027,6.691572547,0.791833265,-0.093441004,0.261813615,0.163125559,0.049157633,0,2,0,0,0,0,0,0,25,4,0,0,182,0,0,10,0,0,0,0,0,0,2,0,0,0,0,0,0,0,0,8,0,0,0,0,0,0,0,0,0,0,0,0,0,0,5,34,0,0,0,0,0,3,0,0,0,3,0,0,0,0,0,0,0,5,40,0,0,0,0,0,0,0,0,0,0,0,0,0,0,0,0,0,0,0,0,0,0,0,0,0,0,0,0,0,0,0,0,3,0,0,0,0,0,0,0,0,0,0,0,0,0,0,0,3,0,0,0,16,0,0,0,0,0,35,0,0,0,0,0,0,0,0,0,11,0,0,0,0,5,0,0,0,0,0,0,0,0,14,0,0,0,8,0,0,0,0,2,0,0,0,18,0,0,0,0,0,0,0,0,0,0,0,0,0,5,0,0,0,0,0,0,0,0,0,0,0,3,0,0,0,0,0,0,6,0,0,0,0,0,0,38,0,7,0,33,0,0,3,0,0,48,0,0,0,0,0,0,0,0,0,0,0,0,0,0,0,0,67,0,0,0,0,0,12,0,0,0,0,0,3,0,0,0,0,3,0,0,0,0,0,0,0,0,0,0,0,0,0,0,0,0,0,0,0,0,0,0,0,0,0,0,0,0,0,0,0,0,0,0,0,0,0,0,0,0,0,0,8,0,0,4,12,0,0,18,0,0,0,0,0,0,8,0,0,0,0,0,0,0,0,22,0,0,0,0,0,0,0,0,0,0,0,0,0,3,0,0,0,0,0,0,0,0,0,0,0,0,0,0,3,4,0,0,128,0,0,0,0,0,0,0,0,0,0,2,0,0,0,0,0,0,0,8,0,0,0,0,0,0,0,0,0,0,0,0,11,0,0,0,3,0,0,0,0,0,0,0,0,0,0,0,900,,223,0.247777778,,0,0,,223,0.247777778
M43,43,vac,10^4,4,1,4_1,46,2.040055346,7.327716811,0.369336917,0.338846731,0.011243845,0.127204609,-0.072702308,0,3,0,0,0,0,0,0,18,7,0,0,23,0,0,0,0,0,0,0,0,1,0,0,0,0,0,0,0,0,0,0,0,0,0,1,0,0,0,0,0,0,0,0,0,0,1,29,0,0,0,0,0,2,0,0,0,0,0,0,0,0,0,0,0,1,651,0,0,0,1,0,0,1,0,0,0,0,0,0,0,0,0,0,0,0,0,0,0,0,0,0,0,0,0,0,0,0,0,0,0,0,0,0,0,0,1,0,0,0,0,0,1,0,0,0,0,0,0,1,0,0,1,0,0,6,2,1,51,0,1,1,0,0,0,0,0,4,0,0,0,0,0,0,13,1,0,0,0,0,2,0,0,0,0,0,0,0,0,0,0,0,0,1,0,0,1,0,0,0,0,0,0,0,0,0,0,0,0,0,0,0,0,0,0,0,0,0,0,0,0,0,1,0,0,0,0,0,0,0,0,0,19,0,4,0,9,0,0,3,0,0,1,0,0,0,0,0,0,0,0,0,0,0,0,0,0,0,0,1,0,0,0,0,0,4,0,0,0,0,0,0,0,0,0,0,0,0,0,0,0,0,0,0,0,0,0,0,0,0,5,0,0,0,0,0,0,0,0,0,0,0,0,0,0,0,0,0,0,0,0,0,0,0,0,0,0,0,0,2,1,0,0,2,0,0,10,0,0,0,0,0,0,0,0,0,0,0,0,0,0,0,7,0,0,0,0,0,0,0,0,0,0,0,0,1,0,0,2,0,0,0,0,0,0,0,0,0,0,0,0,1,0,0,0,0,0,0,0,0,0,0,0,0,0,0,0,0,0,0,0,0,0,0,0,0,0,0,0,0,0,0,0,0,0,0,0,0,0,0,0,0,0,0,0,0,0,0,0,0,0,0,0,900,,52,0.057777778,,0,0,,52,0.057777778
M44,44,vac,10^4,4,1,4_1,43,3.41897097,5.801475314,0.630078171,-0.19610664,-0.082348138,0.059033635,-0.169008499,0,0,0,0,0,0,0,0,19,3,0,0,7,0,0,25,0,0,0,0,0,0,0,0,0,0,0,0,0,0,0,0,15,0,0,1,0,0,0,0,0,0,0,0,0,0,0,0,0,0,0,0,0,0,1,0,0,0,0,0,0,0,0,8,0,2,10,0,0,4,0,0,0,0,0,0,0,0,0,0,0,0,0,0,0,0,0,0,0,0,0,0,0,0,0,0,0,1,0,0,0,0,0,0,0,0,1,0,0,0,0,0,0,0,11,0,0,0,0,0,0,0,0,0,0,0,6,0,0,0,0,0,0,0,0,0,16,0,0,0,0,0,0,0,0,0,0,0,0,1,0,0,0,0,0,0,0,0,0,0,0,0,0,0,0,0,0,0,0,0,0,0,15,0,0,0,0,0,0,0,0,0,0,0,0,0,4,0,0,0,0,0,0,0,0,8,0,0,0,0,0,0,302,0,7,0,89,0,6,0,0,0,0,0,0,0,0,4,0,0,0,0,0,0,0,0,0,0,4,0,0,0,0,0,1,0,0,0,3,0,0,0,0,0,0,0,1,0,0,1,0,0,0,0,0,0,0,0,25,0,0,0,0,0,2,0,0,0,0,0,0,0,0,0,0,0,0,0,0,0,0,0,2,0,0,0,0,8,0,4,0,0,0,14,0,1,1,0,1,0,0,0,0,0,0,0,0,0,0,0,0,0,0,0,0,0,0,0,0,0,0,0,0,0,0,0,0,0,0,0,0,0,0,0,0,0,0,0,204,0,0,0,10,0,0,48,0,0,0,0,4,0,0,0,0,0,0,0,0,0,0,0,0,0,0,0,0,0,0,0,0,0,0,0,0,0,0,0,0,0,0,0,0,0,0,0,0,0,0,0,0,0,0,900,,54,0.06,,0,0,,54,0.06
M45,45,vac,10^4,4,1,4_1,54,4.294719319,6.420558302,0.746273375,-0.170767222,0.000592911,0.193360474,0.058163612,0,0,0,0,0,0,0,0,41,7,2,0,131,0,0,22,0,0,0,0,0,0,0,0,0,0,0,0,0,0,0,46,0,0,0,0,0,0,0,0,0,0,1,184,2,0,11,6,0,0,0,0,0,2,0,0,0,0,0,0,0,0,0,0,0,6,7,0,0,0,0,0,0,0,3,0,0,0,0,0,0,0,0,0,0,0,0,0,0,0,0,0,0,0,0,0,8,0,0,5,3,0,0,0,0,0,0,0,0,0,0,0,2,0,0,2,0,0,0,17,0,0,0,0,0,7,0,0,1,0,4,0,0,0,0,0,0,0,0,0,0,2,0,0,1,0,0,0,0,6,2,0,0,2,0,0,0,0,3,0,0,0,2,2,0,0,33,0,0,0,0,0,0,0,5,0,0,0,0,0,0,0,0,0,0,0,0,0,2,0,0,0,0,0,0,3,0,0,0,0,0,0,43,0,27,0,66,0,0,3,0,3,3,0,0,0,0,0,0,0,0,0,0,0,0,0,0,0,0,2,0,0,0,0,0,0,0,0,0,0,0,0,0,0,0,0,2,0,0,0,8,0,0,0,0,0,0,0,0,0,25,0,0,0,0,0,0,0,0,0,0,0,0,0,0,0,0,0,0,0,0,2,0,0,0,0,0,0,0,25,0,0,0,0,0,0,0,0,0,0,0,2,0,0,0,0,0,0,0,0,0,0,0,0,0,0,0,0,0,0,0,0,0,0,0,0,0,0,0,0,0,0,0,0,0,0,0,0,0,0,0,0,0,0,0,30,0,0,0,0,0,0,0,0,0,0,1,0,0,0,0,0,0,0,0,0,0,0,0,68,0,0,0,0,0,0,0,5,2,0,0,0,0,0,0,0,0,0,0,0,0,0,0,900,,203,0.225555556,,0,0,,203,0.225555556
M46,46,vac,10^4,4,1,4_1,43,3.407484322,6.786239901,0.62796131,-0.131515169,-0.09433509,0.050084642,-0.187794738,0,6,0,0,0,0,0,0,11,148,0,0,262,0,0,0,0,0,0,0,0,1,0,0,0,0,0,0,0,0,2,4,0,0,0,0,0,0,0,0,0,0,0,30,0,0,0,2,0,0,0,0,0,0,0,0,0,0,0,0,0,0,0,0,0,2,3,0,0,0,0,0,0,0,1,0,0,0,0,0,0,0,0,0,0,2,0,0,0,0,0,0,0,0,0,0,0,0,0,0,0,0,0,0,0,0,0,0,0,0,0,0,0,0,0,0,0,0,0,16,0,0,1,0,0,0,0,0,0,0,0,0,0,10,0,0,5,0,0,0,0,5,0,0,0,0,0,0,0,2,5,0,0,0,0,0,0,0,0,0,0,0,0,0,0,0,0,0,0,0,0,0,0,0,1,0,0,0,0,0,0,0,11,0,0,0,0,0,0,0,0,0,0,0,0,0,0,0,0,0,0,0,8,0,10,0,86,0,0,0,0,0,0,0,0,0,0,0,3,0,0,0,0,0,0,0,0,0,1,0,0,0,0,0,17,0,0,0,8,0,0,0,0,0,0,0,0,0,0,0,0,0,0,0,0,0,0,0,0,0,0,0,0,0,0,0,0,0,0,0,0,0,0,0,0,0,0,0,0,0,0,0,0,0,0,0,0,3,0,3,0,0,0,0,1,0,4,0,0,0,0,0,0,0,0,0,0,0,0,0,0,0,0,4,0,0,0,0,0,0,0,0,0,10,0,0,0,0,0,0,14,0,0,0,0,0,0,0,0,0,0,0,0,0,9,1,4,0,0,0,0,0,0,0,0,0,0,0,0,0,0,0,0,0,0,0,0,0,2,179,0,0,0,0,0,1,0,0,0,0,0,0,0,0,0,0,0,0,0,0,2,0,0,900,,428,0.475555556,,0,0,,428,0.475555556
M47,47,vac,10^4,4,1,4_1,67,4.732945733,8.44153426,0.780230159,-0.033065958,-0.029440394,0.129778254,-0.039893294,0,2,0,0,0,0,0,0,8,5,5,0,140,0,0,51,0,0,0,0,0,0,0,0,0,0,0,0,0,0,0,0,0,0,0,0,0,10,0,0,0,0,3,0,0,3,30,7,0,0,0,0,0,0,7,0,0,0,0,0,0,0,0,0,0,2,93,0,7,0,0,0,0,0,0,0,0,0,5,0,0,0,0,0,0,10,0,0,0,1,0,0,0,0,0,0,0,0,0,0,0,0,0,0,0,0,0,0,0,1,7,0,8,0,0,0,0,0,1,0,0,0,0,0,0,0,10,0,0,0,0,1,0,0,0,0,0,0,0,0,0,0,0,0,0,0,3,0,0,0,0,0,0,0,0,0,0,0,0,0,0,0,2,0,0,0,0,0,0,0,0,0,0,0,7,0,0,0,0,0,0,0,0,0,0,0,0,0,1,0,0,0,0,0,0,7,0,1,0,0,0,0,126,0,23,0,60,0,12,11,3,19,0,1,15,2,0,2,22,0,0,0,0,0,0,0,0,0,3,7,0,0,2,0,12,0,0,0,0,0,0,0,0,0,0,0,30,0,0,0,0,0,0,0,0,0,0,4,1,0,3,0,0,0,0,0,0,0,0,0,0,0,0,0,0,0,0,0,1,0,0,0,0,0,0,0,0,0,0,1,0,0,6,12,0,0,5,0,0,0,0,0,0,0,0,0,0,0,0,0,0,0,0,0,0,2,0,0,0,0,12,0,0,15,0,0,0,0,0,0,0,0,0,0,9,0,0,0,0,0,0,0,0,0,0,0,7,0,3,0,0,0,1,0,0,0,14,0,0,0,0,5,0,0,4,0,0,0,0,6,0,0,0,1,0,0,0,0,0,0,0,0,0,0,0,0,0,0,0,0,0,0,0,900,,211,0.234444444,,0,0,,211,0.234444444
M48,48,vac,10^4,4,1,4_1,51,4.132802602,5.21452917,0.728577699,0.006775957,-0.176862441,-0.181109058,0.16637382,0,53,0,0,0,0,0,7,0,0,5,0,36,0,0,0,0,0,0,0,0,1,0,0,2,0,0,0,0,0,0,0,0,0,0,0,0,0,2,0,0,0,0,2,0,0,51,10,0,0,0,0,0,0,42,0,0,0,0,0,0,0,0,0,0,7,14,0,0,0,0,0,0,0,0,0,3,0,0,0,0,2,0,0,0,0,0,0,0,6,0,0,0,0,0,0,0,0,0,0,0,0,0,26,0,0,0,0,0,0,2,0,2,0,0,0,0,5,0,0,0,0,74,0,0,5,227,0,0,0,0,0,2,0,18,0,0,0,0,7,0,0,0,0,75,0,0,0,0,0,0,25,7,0,0,0,0,0,0,0,0,0,0,0,0,0,0,0,0,1,0,0,0,0,14,0,0,0,0,0,0,0,0,0,0,0,0,0,0,0,0,0,0,0,0,1,0,0,0,0,0,0,2,0,0,76,0,1,36,0,0,0,0,0,0,1,0,0,0,0,0,0,0,1,0,0,0,2,0,0,0,0,0,0,0,0,0,0,11,0,0,0,0,0,0,0,0,1,0,0,0,0,0,0,0,0,0,0,0,0,19,0,0,0,2,0,0,0,0,0,0,0,0,0,0,0,0,0,0,0,0,1,0,0,0,0,0,0,0,0,1,0,0,0,0,0,0,0,0,0,0,0,0,0,0,0,0,0,0,0,2,0,0,0,0,0,0,0,0,0,0,0,1,0,0,0,0,0,1,0,0,0,6,0,0,0,0,0,0,0,0,0,0,0,0,0,0,1,0,0,0,0,0,0,0,0,0,0,0,0,0,0,0,0,0,0,0,0,0,0,0,0,0,0,0,0,0,0,0,1,0,0,0,0,0,0,0,0,0,0,0,0,0,900,,102,0.113333333,,25,0.027777778,,127,0.141111111
M49,49,vac,10^4,4,2,4_2,34,2.369334815,4.653173388,0.465720318,0.249104192,-0.091630566,-0.140469406,0.040746179,0,2,0,0,0,0,0,3,0,0,0,0,59,0,0,0,0,0,0,0,0,0,0,0,0,0,0,0,0,0,0,1,0,0,0,0,0,0,0,0,0,0,0,0,0,0,3,5,0,0,0,0,0,0,16,0,0,0,0,0,0,0,0,0,0,2,326,0,0,0,0,0,0,0,0,0,0,0,0,0,0,0,0,0,0,0,0,0,0,0,0,0,0,0,0,0,0,0,0,0,0,0,0,4,0,0,0,0,0,0,0,0,0,0,0,0,0,0,0,0,0,0,25,1,0,0,381,2,0,0,0,0,0,0,0,0,0,0,0,3,0,2,0,0,4,0,0,0,0,0,0,8,0,0,0,0,0,0,0,0,0,0,0,0,0,0,2,0,0,1,0,0,0,0,0,0,0,0,2,0,0,0,0,0,0,0,0,0,0,0,0,0,0,0,0,0,0,0,0,0,0,0,0,0,0,0,0,0,0,0,0,0,0,0,0,0,0,0,0,0,0,0,0,4,0,0,0,0,0,0,0,0,0,0,0,0,0,0,0,0,0,0,0,0,0,0,0,0,0,0,0,0,0,0,0,0,0,0,0,0,4,0,0,0,0,0,0,0,0,0,0,0,0,0,0,0,0,0,0,0,0,7,0,0,0,0,0,0,0,0,0,0,0,0,0,0,0,0,0,0,0,0,0,0,0,0,0,0,0,0,1,0,0,0,0,0,0,0,0,0,0,0,0,0,0,0,0,0,0,0,0,0,9,0,0,0,0,0,2,0,0,0,0,0,0,0,0,0,0,3,1,0,0,1,0,0,3,0,0,0,0,0,0,0,1,0,0,0,0,6,0,0,0,0,0,0,0,0,0,6,0,0,0,0,0,0,0,0,0,0,0,0,0,900,,64,0.071111111,,8,0.008888889,,72,0.08
M50,50,vac,10^4,4,2,4_2,34,2.009782659,5.5203859,0.39504616,-0.104045604,-0.036943851,0.019513932,0.036250223,0,4,0,0,0,0,0,0,1,3,0,0,650,0,0,9,0,0,0,0,0,2,0,0,0,0,0,0,0,0,0,19,0,0,0,0,0,0,0,0,0,0,4,0,0,0,0,40,0,0,0,0,0,0,0,0,0,0,0,0,0,0,0,0,0,0,1,0,0,0,0,0,0,0,0,0,0,0,0,0,0,0,4,0,0,3,0,0,0,0,0,0,0,0,0,0,0,0,0,0,0,0,0,0,0,0,0,0,0,0,0,4,0,0,0,12,0,0,0,1,0,0,0,1,45,17,0,0,0,0,0,0,0,0,0,0,0,0,0,0,0,2,0,0,0,0,0,0,0,0,0,0,0,0,0,0,0,0,0,0,0,0,0,7,0,0,0,0,0,0,0,0,0,0,0,0,0,0,0,0,0,0,0,0,0,0,0,0,2,0,0,0,0,0,0,5,0,0,0,0,0,0,7,0,12,0,3,0,0,0,0,0,3,0,0,0,0,0,0,0,0,0,0,9,0,0,0,0,0,0,0,0,0,0,2,0,0,3,0,0,0,0,0,0,0,0,0,0,0,0,0,0,0,0,0,0,0,0,0,0,0,0,0,0,0,0,0,0,0,0,0,1,0,0,0,0,0,0,0,0,0,0,0,0,0,0,0,0,0,0,0,0,0,1,0,0,3,0,0,0,0,0,0,0,0,0,0,0,0,0,0,0,0,0,0,2,0,0,0,0,0,0,0,0,0,0,0,0,0,0,0,0,0,0,0,0,0,0,0,0,0,0,0,0,0,0,0,0,0,0,0,0,0,0,0,0,0,0,0,0,0,0,0,0,0,0,0,0,0,0,0,0,0,0,0,0,0,18,0,0,0,0,0,0,0,0,0,0,0,0,0,0,0,900,,669,0.743333333,,0,0,,669,0.743333333
M51,51,vac,10^4,4,2,4_2,46,3.670608611,7.09541716,0.664536515,-0.07869281,-0.023672974,0.095165273,0.162097316,2,115,0,0,0,0,0,0,0,0,32,0,224,0,0,1,0,0,0,0,0,0,0,0,0,0,0,0,0,0,0,0,0,0,0,0,0,0,0,0,0,0,5,0,0,0,0,26,0,0,0,0,0,0,0,0,0,0,0,0,0,0,0,0,0,0,33,0,0,0,0,0,0,0,0,0,0,0,0,0,0,5,0,0,0,0,0,0,0,0,1,0,0,0,0,0,0,0,0,0,0,0,0,25,0,0,0,0,0,0,0,0,0,0,0,5,0,0,0,0,0,0,2,0,0,25,1,0,0,0,21,0,0,0,2,0,0,14,0,0,0,0,0,0,198,0,0,0,0,0,2,0,0,0,0,0,0,0,0,0,0,0,1,1,0,0,0,0,0,0,0,2,0,0,3,0,0,0,0,0,1,0,0,0,0,0,0,0,0,0,0,0,0,0,0,0,0,0,0,0,0,0,42,0,1,1,37,0,0,0,0,1,20,0,3,0,0,0,0,0,0,0,0,8,0,0,0,0,0,0,0,0,0,0,0,0,0,0,0,1,0,0,0,0,0,0,0,0,0,0,0,0,0,0,0,0,0,0,0,0,3,0,0,0,0,0,0,0,0,0,0,0,0,0,0,0,0,0,0,0,0,0,0,0,0,0,0,0,0,0,0,0,2,0,0,0,6,0,0,0,0,0,0,4,0,0,0,3,0,0,0,0,0,0,0,0,0,0,0,0,0,3,0,0,0,0,0,0,0,0,0,0,0,0,0,3,0,0,0,0,0,0,0,0,5,1,0,0,5,0,0,0,0,0,0,0,0,0,0,0,0,0,0,0,0,0,2,0,0,2,0,0,0,0,0,0,0,0,0,0,0,0,0,0,0,0,0,0,0,0,0,0,0,900,,374,0.415555556,,0,0,,374,0.415555556
M53,53,vac,10^4,4,2,4_2,47,2.747438039,6.029165503,0.494624915,0.279043882,0.055306209,-0.030027609,0.195079663,0,6,0,0,0,0,0,0,0,0,0,0,147,0,0,0,0,0,0,0,0,0,0,0,0,0,0,0,0,0,0,0,0,0,0,0,0,0,0,0,0,0,0,0,0,3,0,85,0,0,0,3,3,0,0,0,0,0,0,0,2,0,0,0,0,2,478,0,0,0,0,0,0,0,0,0,0,0,2,0,0,0,0,0,0,0,0,0,0,0,0,0,0,0,0,0,0,0,0,0,0,0,0,11,0,0,0,0,0,0,5,0,0,0,0,4,0,0,0,0,1,0,2,3,0,0,4,0,0,0,6,0,0,0,15,0,0,0,0,0,0,0,0,0,14,0,0,0,0,0,0,0,0,0,0,0,0,0,0,0,0,0,0,0,0,0,0,0,0,1,0,0,0,0,0,0,0,0,0,0,0,0,0,0,0,1,0,0,1,0,0,0,0,0,0,1,0,0,0,0,0,0,2,0,3,0,0,0,0,0,0,2,0,0,0,4,2,4,0,0,0,0,0,0,0,0,0,6,0,0,0,0,7,0,0,8,0,0,21,0,0,0,7,0,0,0,0,0,0,0,0,0,0,0,0,0,0,0,0,0,0,0,0,0,0,0,0,1,0,0,0,0,0,1,0,0,0,0,4,0,0,0,0,0,0,0,0,0,0,0,0,0,12,0,0,1,0,0,0,0,0,0,0,2,0,0,0,0,0,0,0,0,0,0,0,0,0,0,0,0,0,2,0,2,0,0,0,0,3,0,0,0,1,0,0,0,0,0,0,0,0,0,0,0,0,0,0,0,0,0,0,3,2,0,0,0,0,0,0,0,0,0,0,0,0,0,0,0,0,0,0,0,0,0,0,0,0,0,0,0,0,0,0,0,0,0,0,0,0,0,0,0,0,900,,153,0.17,,0,0,,153,0.17
M54,54,vac,10^4,4,2,4_2,50,4.541779687,5.010897603,0.804729875,-0.072368309,-0.111965773,-0.258623172,-0.055197235,0,1,0,0,0,0,0,14,0,0,0,0,108,0,0,5,0,0,0,0,0,0,0,0,0,0,0,0,0,18,0,5,9,0,0,0,0,0,0,0,0,0,0,1,0,0,132,0,0,0,0,0,0,0,4,0,0,0,0,0,2,0,0,0,0,9,11,0,0,0,0,0,0,0,0,0,11,0,0,0,0,1,0,0,0,0,0,0,0,0,0,0,0,0,0,0,0,0,0,0,0,0,0,0,0,0,0,0,0,0,3,0,8,0,0,0,0,0,0,0,0,3,16,0,0,0,19,0,0,0,0,0,0,0,0,0,0,55,0,0,0,2,0,0,0,0,18,0,0,0,0,4,0,0,0,0,0,0,0,0,0,1,0,0,0,0,20,0,0,23,0,0,0,0,0,0,0,0,0,0,6,0,0,0,0,0,0,0,0,0,0,0,0,0,0,2,0,0,0,0,0,0,64,0,5,5,0,27,0,0,0,0,0,0,0,0,0,34,0,2,0,0,0,0,0,0,0,0,0,0,0,0,0,0,0,0,0,0,7,0,0,0,66,0,0,0,0,0,0,0,0,0,0,0,0,0,0,0,0,0,2,0,0,0,0,0,0,0,0,54,0,0,0,0,0,0,0,0,1,0,0,2,0,0,0,0,15,0,0,0,0,0,2,0,0,0,0,5,0,0,0,0,0,0,0,0,0,0,0,0,0,0,0,0,0,0,0,0,0,0,0,20,0,0,0,0,2,0,3,0,0,0,59,0,0,0,0,0,12,0,0,0,0,0,0,0,0,0,0,0,2,0,0,0,0,0,0,0,0,0,0,0,0,0,0,0,0,0,0,0,0,0,0,0,0,0,0,0,0,0,0,0,0,0,0,0,0,0,0,0,0,0,0,900,,128,0.142222222,,4,0.004444444,,132,0.146666667
M55,55,vac,10^4,4,2,4_2,27,3.102857494,3.78621324,0.652561705,-0.092697854,-0.127695042,-0.257975878,-0.073434549,0,0,0,0,0,0,0,0,0,0,39,0,401,0,0,1,0,0,0,0,0,0,0,0,0,0,0,0,0,0,0,0,0,0,1,0,0,0,0,0,0,0,0,0,0,2,16,13,0,0,0,0,0,0,0,0,5,0,0,0,0,0,0,0,0,0,0,0,0,0,0,0,0,0,0,0,0,0,0,0,0,0,0,0,0,10,0,0,0,0,0,0,0,0,0,0,0,0,0,0,0,0,0,0,0,0,0,0,0,0,0,0,0,0,0,0,0,0,0,0,0,0,0,0,0,0,0,0,0,0,0,0,0,0,3,0,0,0,0,0,0,12,0,0,0,0,0,0,0,0,0,0,0,0,0,8,0,0,0,0,0,0,0,0,0,0,0,0,0,0,0,0,0,0,0,0,0,0,0,0,0,0,0,0,0,0,0,0,0,0,0,0,0,0,25,0,0,0,0,0,0,0,36,0,4,0,18,0,0,0,0,0,0,0,0,0,0,0,0,0,0,0,0,0,0,0,0,0,0,0,0,0,0,0,49,0,0,0,0,0,0,0,6,0,0,0,0,0,0,0,0,0,0,0,0,0,0,0,0,0,0,15,18,0,0,0,0,0,0,0,0,0,0,0,0,0,0,0,0,0,0,0,0,0,0,0,0,0,0,0,0,0,17,0,3,0,0,0,0,0,0,0,0,0,0,0,0,0,0,0,0,0,147,0,0,13,0,0,0,0,0,0,17,0,0,0,0,0,0,0,0,0,0,0,0,0,0,0,5,0,0,0,0,0,0,0,0,0,0,16,0,0,0,0,0,0,0,0,0,0,0,0,0,0,0,0,0,0,0,0,0,0,0,0,0,0,0,0,0,0,0,0,0,0,0,0,0,0,0,0,0,0,0,900,,441,0.49,,0,0,,441,0.49
M56,56,vac,10^4,4,3,4_3,43,3.792192358,6.558076042,0.698858705,-0.095384636,0.088091618,0.124216845,-0.146457029,0,0,0,0,0,0,0,0,12,0,2,0,373,0,0,0,13,0,0,0,0,5,0,0,0,0,0,0,0,0,0,11,0,0,0,0,0,0,0,0,0,0,0,0,0,0,0,6,0,0,0,0,0,0,0,0,25,0,0,0,0,0,0,0,0,0,11,0,0,0,0,0,0,0,0,0,0,0,3,0,0,0,0,0,0,0,0,0,0,0,0,1,0,0,0,0,0,0,0,0,0,6,0,0,26,0,0,0,0,0,0,0,0,0,0,0,0,0,0,5,16,0,0,0,0,0,0,0,0,0,18,0,0,0,0,0,0,0,0,0,0,11,0,0,0,0,0,2,0,13,6,0,0,0,0,0,0,0,0,0,0,0,0,0,0,0,0,0,0,0,0,0,0,0,10,0,0,0,0,7,0,0,0,0,0,0,0,0,0,0,0,0,0,0,0,0,0,0,0,0,0,4,8,0,0,0,21,0,0,0,0,0,0,0,0,0,0,0,0,0,0,0,0,0,0,0,0,0,0,20,38,0,0,0,2,0,0,0,0,0,0,0,0,0,0,0,0,0,0,0,0,0,0,0,0,0,0,0,0,0,0,0,0,0,0,0,0,0,0,0,5,0,0,0,0,0,0,0,12,0,0,0,0,0,0,0,0,0,0,5,0,0,0,42,0,0,0,0,0,0,0,0,0,0,0,0,0,0,14,0,0,0,0,0,0,20,0,0,0,0,0,0,0,38,0,0,0,0,0,0,0,0,0,0,0,0,0,0,0,0,0,10,2,0,0,61,6,0,3,0,1,0,0,0,0,0,0,0,0,0,0,0,0,0,3,0,0,0,3,0,0,0,0,0,0,0,0,0,0,0,0,0,0,0,0,0,0,0,0,0,0,0,0,900,,405,0.45,,0,0,,405,0.45
M57,57,vac,10^4,4,3,4_3,40,3.731196898,4.673136508,0.701098706,0.033417313,0.034724336,-0.063940989,0.248717598,0,24,0,0,0,0,0,0,0,0,1,0,146,1,0,0,0,0,0,0,0,0,0,0,0,0,0,0,0,0,0,0,0,0,0,0,0,0,0,0,0,0,4,0,0,0,4,38,0,0,0,0,0,0,0,0,0,0,0,0,0,0,0,0,0,0,0,0,0,0,0,0,0,0,0,0,3,0,0,0,0,0,2,0,0,0,0,0,0,0,0,0,0,0,0,0,0,0,0,0,0,0,0,0,0,0,0,0,0,0,0,0,1,0,0,2,0,10,0,0,0,0,0,0,3,0,0,0,0,0,211,0,0,0,0,0,0,0,0,0,0,83,0,0,20,0,0,0,0,0,0,11,0,0,0,0,1,0,0,0,0,0,0,6,0,0,0,0,0,0,0,0,0,0,1,0,0,0,0,0,0,0,0,0,0,0,0,0,0,0,0,0,0,0,0,2,0,0,0,0,0,0,6,0,0,0,7,0,0,0,0,0,1,4,0,6,0,0,0,0,0,0,0,2,0,0,0,5,0,0,0,0,0,0,0,0,0,0,0,0,0,0,39,0,0,0,0,0,0,0,0,0,0,93,0,0,0,0,0,0,0,0,0,5,0,0,0,0,0,0,0,0,0,0,0,45,0,0,83,0,0,0,0,0,0,0,0,0,0,0,0,0,0,0,1,0,0,0,0,0,0,13,0,2,0,0,0,0,0,0,0,0,0,0,0,0,0,0,0,0,0,0,0,0,0,0,0,0,0,0,0,0,4,0,0,0,0,0,1,0,0,0,0,0,0,0,0,0,4,0,0,0,0,0,0,0,0,0,0,0,0,0,0,0,0,0,0,0,0,0,0,0,0,0,0,0,0,5,0,0,0,0,0,0,0,0,0,0,0,0,0,0,0,900,,172,0.191111111,,11,0.012222222,,183,0.203333333
M58,58,vac,10^4,4,3,4_3,41,3.292740999,6.252911537,0.614598047,-0.112652832,0.015785589,0.125682248,-0.026261698,0,0,0,0,0,0,0,0,110,5,0,0,384,0,0,0,0,0,0,0,0,0,0,0,0,0,0,3,0,0,0,2,0,0,0,0,0,0,0,0,0,0,3,60,0,0,9,85,0,0,0,0,0,3,0,0,0,0,0,0,0,0,0,0,0,8,37,0,0,4,0,0,0,0,0,0,0,0,0,0,0,0,0,0,0,0,0,0,0,0,0,0,0,0,0,0,0,0,0,0,0,0,13,0,0,0,0,0,0,0,0,0,5,0,0,0,0,0,0,0,0,0,0,0,0,0,0,0,0,0,0,0,1,0,0,0,0,0,0,0,2,0,0,0,0,0,0,0,0,0,9,2,6,0,0,0,0,0,0,0,0,0,4,0,0,0,4,0,0,4,0,0,0,0,0,0,0,0,0,0,0,0,0,0,0,0,0,0,0,0,0,0,0,0,0,1,0,0,0,0,0,0,18,0,0,0,0,0,0,0,0,0,0,0,0,0,0,0,2,0,0,0,0,0,0,0,0,0,28,0,0,0,4,0,0,0,2,0,2,0,4,0,2,0,0,0,0,0,0,0,23,0,0,0,0,0,0,0,0,0,0,0,0,0,0,0,0,0,0,0,25,0,0,0,0,0,0,0,1,0,0,0,0,0,0,0,0,0,0,2,0,0,5,0,0,0,0,0,0,0,0,0,0,0,0,0,0,0,0,0,0,0,0,0,0,0,0,0,0,0,0,0,0,0,0,0,0,0,0,0,0,0,0,0,5,0,0,0,0,0,0,0,0,0,0,0,0,0,0,0,0,0,0,0,0,0,0,0,0,0,0,0,0,0,2,10,0,0,0,0,0,0,0,0,0,0,0,0,0,0,0,0,0,0,0,0,0,0,0,0,1,0,0,900,,499,0.554444444,,2,0.002222222,,501,0.556666667
M59,59,vac,10^4,4,3,4_3,42,3.702042503,5.665143371,0.686540167,-0.025671222,-0.032916285,-0.067798071,-0.07496021,0,0,0,0,0,0,0,0,5,20,0,0,242,0,0,11,1,0,0,0,0,10,0,0,0,0,0,1,0,0,0,31,0,0,0,0,0,0,0,0,0,0,0,94,0,2,0,8,0,0,0,0,0,0,0,0,0,0,0,0,0,0,0,0,0,2,79,0,0,0,0,0,0,0,0,0,0,0,0,0,0,0,0,0,0,0,0,0,0,0,0,0,0,0,0,0,0,0,0,0,0,0,0,0,0,0,0,0,0,0,0,3,0,0,0,0,0,0,0,0,0,0,3,0,0,0,0,0,0,0,0,0,0,0,2,0,0,0,0,0,0,167,0,0,0,0,3,0,0,0,0,0,4,0,0,0,0,0,0,0,0,0,0,0,0,0,0,1,0,3,0,0,0,0,0,0,0,0,0,0,0,0,0,0,0,0,0,0,0,0,0,0,0,5,0,0,0,0,0,0,0,0,13,0,51,0,11,0,3,0,0,15,0,0,0,0,0,0,0,0,0,0,0,0,0,0,0,0,2,0,0,0,0,0,6,5,0,0,0,0,0,0,0,0,0,0,6,0,0,5,0,0,0,0,0,0,0,0,2,2,0,0,0,0,0,0,0,0,0,0,0,3,0,0,0,0,0,0,0,0,0,0,0,0,0,0,0,0,0,0,0,0,14,4,0,0,0,0,0,0,0,5,0,0,0,0,0,0,0,0,0,0,0,0,0,0,0,0,0,0,0,0,0,0,0,0,0,0,45,0,0,0,0,5,0,0,0,0,0,0,0,0,0,0,0,0,4,0,0,0,2,0,0,0,0,0,0,0,0,0,0,0,0,0,0,0,0,0,0,0,0,0,0,0,0,0,0,0,0,0,0,0,0,0,0,0,0,0,0,0,0,0,0,900,,289,0.321111111,,0,0,,289,0.321111111
M60,60,vac,10^4,4,3,4_3,22,2.246737223,4.021917442,0.503816947,-0.002724562,-0.175624057,-0.156382113,0.156608315,0,0,0,0,0,0,0,0,0,0,0,0,244,0,0,0,0,0,0,0,0,0,0,0,0,0,0,0,0,0,0,0,0,0,0,0,0,0,4,0,0,0,0,0,0,0,3,0,0,0,0,0,10,0,0,0,0,0,0,0,0,0,0,0,0,0,10,0,0,0,0,0,0,0,0,0,0,0,0,0,0,0,0,0,0,0,0,0,0,0,0,0,0,0,0,0,0,0,0,0,0,0,0,0,0,0,0,0,0,0,0,0,0,0,0,0,0,0,0,0,0,2,18,0,0,0,406,0,0,0,8,0,0,0,0,0,0,0,0,0,0,0,0,0,0,0,0,0,0,0,0,147,3,0,0,0,0,0,0,0,0,0,0,0,0,0,0,0,0,0,0,0,0,0,0,0,4,0,0,0,0,0,0,0,0,0,0,0,0,0,0,0,0,0,0,0,0,0,0,0,0,0,1,0,9,0,1,0,0,0,0,0,0,0,0,0,0,0,3,0,0,0,0,0,0,0,0,13,0,0,0,0,0,0,0,0,0,0,0,0,0,0,0,0,0,0,0,1,0,0,0,0,0,0,0,0,0,0,0,0,0,0,0,0,0,0,0,0,0,0,0,0,0,0,0,0,0,0,3,0,0,0,0,0,0,0,0,0,0,0,0,0,0,0,0,0,0,0,0,0,0,0,0,0,0,0,0,0,0,0,0,0,0,0,0,0,0,0,0,0,0,0,0,5,0,0,0,0,0,0,0,0,0,0,0,0,0,0,0,0,0,0,0,0,0,0,4,0,0,0,0,0,0,0,0,0,0,0,0,0,0,0,0,0,0,0,0,0,1,0,0,0,0,0,0,0,0,0,0,0,0,0,0,0,0,0,0,0,0,0,0,0,0,900,,244,0.271111111,,147,0.163333333,,391,0.434444444
M61,61,vac,10^4,4,3,4_3,46,3.944266488,6.115197442,0.714080247,-0.0930443,-0.057989483,0.033533034,-0.319126442,0,0,0,0,0,0,0,0,23,15,0,0,259,0,0,4,0,0,0,0,0,0,0,0,0,0,0,0,0,0,0,10,0,0,0,0,0,0,0,0,0,0,0,84,1,0,8,0,3,0,0,0,0,4,4,0,0,0,0,0,0,0,0,0,0,0,88,0,0,0,0,0,0,0,0,0,0,0,13,0,0,0,0,0,0,0,0,0,0,0,0,0,0,0,0,0,0,0,0,0,0,0,7,0,0,2,0,0,0,0,0,0,5,0,0,0,0,0,0,0,0,0,0,0,0,0,9,0,0,0,0,16,1,0,0,0,0,0,0,0,0,0,0,0,0,0,0,0,0,0,21,0,3,0,1,0,0,0,0,0,0,0,0,0,0,0,10,0,0,0,0,0,0,0,0,0,0,0,0,0,0,0,0,0,0,0,0,0,0,0,0,0,0,0,0,0,0,0,0,3,0,0,32,0,5,0,80,0,0,0,0,2,0,0,0,0,0,0,0,0,0,0,0,0,0,0,0,0,0,0,0,0,0,0,0,0,0,0,0,0,0,0,5,0,0,0,3,0,0,4,0,6,0,0,0,0,0,0,0,0,3,0,0,0,1,0,0,0,0,0,0,0,0,0,0,0,0,0,0,0,0,0,0,0,0,0,0,0,0,0,0,0,3,1,0,0,8,0,0,0,0,0,0,0,0,0,0,0,3,0,0,0,0,1,0,0,0,0,0,0,0,0,0,0,0,0,0,0,23,0,0,0,0,0,0,0,0,0,0,0,0,0,0,0,0,0,4,4,0,0,17,0,0,8,0,0,0,0,0,0,0,0,0,0,86,0,0,0,0,7,0,0,0,0,0,0,0,0,0,0,0,0,0,0,0,0,0,0,0,0,0,0,0,900,,301,0.334444444,,0,0,,301,0.334444444
M62,62,vac,10^4,4,3,4_3,49,3.973658627,6.212030825,0.707722881,-0.007789246,0.289077904,0.211532345,0.215517273,0,21,0,0,0,0,0,0,0,0,0,0,101,0,0,0,0,0,0,0,0,0,0,0,0,0,0,0,0,0,0,0,0,0,0,0,0,0,0,0,0,0,0,3,0,0,0,269,0,0,0,11,0,0,0,0,0,0,0,0,0,3,0,0,0,2,82,0,0,0,0,0,0,0,0,0,0,0,0,0,0,0,0,0,0,0,0,0,0,0,0,0,0,0,0,0,0,0,0,0,0,0,0,0,0,0,0,0,0,0,0,0,1,0,0,7,0,1,0,0,0,2,0,2,0,0,0,0,2,7,74,0,0,0,0,0,0,0,0,0,11,2,0,0,20,0,0,0,0,0,0,0,0,0,0,0,0,0,2,0,0,0,20,2,0,0,0,0,0,0,0,0,0,4,0,0,11,0,0,0,0,0,0,0,0,0,0,0,0,0,0,0,0,0,0,0,0,0,0,0,0,0,8,0,0,0,17,0,0,1,0,0,40,0,0,0,0,0,4,5,5,0,0,0,0,0,0,3,0,0,0,0,0,0,2,22,0,0,0,0,0,1,0,13,0,0,0,0,0,0,0,0,0,22,0,0,0,0,0,0,0,0,0,0,0,0,0,0,0,0,0,0,0,0,0,0,0,0,47,0,0,0,0,0,0,0,0,0,0,0,0,0,0,2,0,0,0,0,0,0,0,0,0,8,0,0,0,0,0,3,0,0,0,0,0,0,3,0,0,0,0,1,0,0,0,0,0,0,0,0,0,6,0,0,0,0,0,0,0,0,0,0,0,0,0,4,0,0,2,0,0,3,0,0,0,0,0,0,0,0,0,0,0,0,0,0,0,0,0,0,0,0,0,0,0,0,0,16,0,0,0,0,0,0,0,0,0,0,0,0,2,0,0,900,,122,0.135555556,,0,0,,122,0.135555556
M63,63,vac,10^4,4,4,4_4,44,3.979021256,6.622029754,0.728834343,-0.098040585,0.261151186,0.13853643,0.181916582,0,0,0,0,0,0,0,0,1,7,0,0,183,0,0,0,0,0,0,0,0,0,0,0,0,0,0,7,0,0,0,0,0,0,0,0,0,0,0,0,0,0,15,0,0,0,0,138,0,0,0,0,0,8,0,0,0,0,0,0,0,0,0,0,0,0,13,0,0,0,0,0,0,0,0,0,0,0,0,0,0,0,0,0,0,0,0,0,0,0,0,0,0,0,0,0,0,0,0,4,0,0,0,0,0,0,0,0,0,0,0,0,0,0,0,9,0,16,0,2,0,0,0,5,0,144,10,0,0,0,0,0,0,0,0,0,0,0,0,0,13,1,0,0,0,0,0,0,0,0,0,0,0,0,0,0,0,0,0,0,0,0,9,7,0,0,0,0,0,0,0,0,0,0,0,0,4,0,0,0,0,0,0,0,0,0,0,0,0,0,0,0,0,0,0,0,0,5,0,0,0,0,7,0,0,0,0,0,1,0,0,2,78,0,0,0,0,0,3,0,0,0,0,0,0,0,0,37,0,0,0,0,0,0,0,15,0,0,0,0,0,0,0,3,0,0,0,0,0,0,5,0,0,0,0,0,0,0,0,0,0,0,0,0,0,0,0,0,0,0,0,0,0,0,0,0,0,0,7,0,0,0,0,0,0,0,0,0,0,2,0,0,1,0,0,0,0,0,0,0,0,0,0,5,0,0,0,0,0,0,0,0,17,0,0,0,6,0,0,0,0,0,0,0,0,0,0,0,0,0,0,0,5,0,0,0,0,0,0,0,0,0,0,0,0,3,4,0,4,0,0,7,0,0,0,0,0,0,0,0,0,0,0,0,0,0,5,0,0,0,0,0,0,0,0,0,0,66,0,0,0,0,0,0,0,0,0,0,0,16,0,0,0,900,,191,0.212222222,,0,0,,191,0.212222222
M64,64,vac,10^4,4,4,4_4,40,3.079459425,6.686816887,0.578636045,-0.048728845,-0.111173589,0.070457608,-0.082946627,0,0,0,0,0,0,0,0,0,0,0,0,327,0,0,0,0,0,0,0,0,0,0,0,0,0,0,0,0,0,45,0,0,0,0,0,1,0,0,0,0,0,0,0,0,0,10,22,1,0,0,0,2,0,2,0,0,0,0,0,0,0,0,0,0,0,12,0,0,0,0,0,0,4,0,0,5,0,0,0,0,0,0,0,0,0,0,0,0,0,0,0,1,0,0,0,0,0,0,0,0,0,0,0,0,0,0,0,0,0,7,0,0,0,0,0,0,0,0,0,0,0,5,0,0,2,215,3,0,0,0,0,0,0,0,0,0,0,0,0,0,0,0,0,0,0,0,0,0,0,0,0,126,0,3,0,0,0,0,0,0,0,0,0,0,0,2,0,0,0,0,0,0,0,0,0,0,0,2,0,0,0,0,0,0,0,0,0,1,0,0,0,0,0,0,18,0,0,0,0,0,0,2,0,0,0,1,0,0,0,0,0,3,0,0,0,0,0,0,0,0,0,0,0,0,0,0,0,2,3,0,0,0,0,11,9,0,0,0,0,0,0,10,8,0,0,0,8,0,0,0,0,0,0,0,0,0,0,0,0,3,0,0,0,0,0,0,0,0,0,0,0,0,0,0,7,0,0,0,0,0,0,0,0,0,0,0,0,0,0,0,0,0,0,0,0,0,0,0,0,0,0,0,0,0,0,0,0,0,0,0,0,0,0,0,0,3,0,0,0,0,0,0,0,0,0,0,0,0,0,0,0,0,0,0,0,0,0,0,0,0,0,0,0,0,2,0,0,0,0,3,0,0,0,0,0,0,0,0,0,0,0,0,0,0,0,3,6,0,0,0,0,0,0,0,0,0,0,0,0,0,0,0,0,0,0,0,0,0,0,0,0,0,900,,327,0.363333333,,0,0,,327,0.363333333
M65,65,vac,10^4,4,4,4_4,40,3.818576303,6.735321427,0.717517455,0.019036396,0.117142266,0.097798967,0.135198444,0,7,0,0,0,0,0,0,2,0,0,0,328,9,0,0,0,0,0,0,0,0,0,0,0,0,0,0,0,0,0,0,0,0,0,0,0,0,0,0,0,0,1,0,0,0,0,38,0,0,3,0,0,0,0,0,0,0,0,0,0,0,0,0,0,0,108,0,0,0,0,0,0,0,0,9,0,0,13,0,0,0,0,0,0,9,0,0,0,0,0,0,0,0,0,0,0,0,0,0,0,0,0,0,0,0,0,0,0,0,0,0,6,0,0,0,0,0,0,0,0,0,0,0,0,0,0,0,0,0,22,0,0,0,0,0,0,0,0,0,0,14,0,0,0,0,0,0,0,0,0,0,45,0,0,0,0,0,7,0,0,0,4,0,0,0,0,0,0,0,0,0,0,0,0,0,0,0,0,0,0,0,0,0,0,0,0,0,9,0,0,0,0,0,0,0,0,0,0,0,0,0,0,0,0,0,31,0,0,0,0,9,31,0,0,0,0,11,9,0,0,0,0,0,2,0,0,0,0,0,0,21,6,0,8,0,0,0,0,0,0,0,0,0,0,0,0,1,0,0,0,0,0,0,0,0,0,0,0,0,0,0,0,0,0,0,0,0,0,0,0,0,0,0,0,0,0,0,0,0,0,0,0,0,0,0,0,0,3,0,0,0,10,6,0,0,0,0,0,0,0,0,0,0,0,0,0,0,0,0,0,0,0,0,0,2,0,4,0,0,0,0,0,24,0,0,0,0,0,0,0,0,0,0,0,0,0,0,8,0,0,0,0,0,0,42,0,0,2,0,0,0,0,0,0,0,0,0,0,0,17,0,0,0,0,0,0,0,0,0,0,0,13,0,0,0,0,6,0,0,0,0,0,0,0,0,0,0,0,0,0,0,0,900,,346,0.384444444,,0,0,,346,0.384444444
M66,66,vac,10^4,4,4,4_4,36,2.825638445,4.95582641,0.546553082,-0.040353647,-0.089041723,-0.087777679,0.012904326,0,0,0,0,0,0,0,0,4,0,0,0,509,0,0,0,6,0,0,0,0,0,0,0,0,0,0,0,0,0,0,0,0,0,13,0,0,5,0,0,0,0,0,9,0,0,0,6,0,0,0,0,0,0,0,0,0,0,0,0,0,0,0,0,0,0,69,0,0,0,0,0,0,0,0,0,3,0,0,0,0,0,0,0,0,0,0,0,0,0,0,0,0,0,0,0,0,4,0,0,0,0,0,0,0,0,0,0,0,0,0,0,0,0,0,0,0,0,0,5,0,0,10,0,0,0,32,0,0,0,2,0,0,0,12,0,0,0,0,0,0,8,0,0,0,0,0,0,0,0,0,7,0,0,0,0,0,0,0,0,0,0,0,0,0,0,0,0,0,20,0,0,0,0,0,0,0,0,0,0,0,0,0,0,0,0,0,0,0,0,0,0,0,0,0,6,0,2,0,0,0,0,22,0,0,0,68,0,0,0,0,0,0,0,0,0,0,0,6,0,0,0,0,1,4,0,3,0,0,0,1,0,0,0,0,0,0,0,0,0,0,0,0,0,0,0,0,0,0,0,0,0,0,0,0,0,0,0,0,0,5,0,0,0,0,0,0,0,0,0,0,0,0,0,0,0,0,0,2,0,0,0,0,0,0,0,1,0,0,0,0,0,0,0,0,0,16,0,0,0,0,0,0,0,0,0,0,0,2,0,0,0,0,4,0,7,0,0,0,0,0,0,0,0,0,0,0,0,0,0,0,0,0,0,0,0,0,0,0,0,0,0,0,0,0,0,0,0,0,0,0,0,0,0,0,0,0,0,0,0,0,0,0,0,0,0,0,0,22,0,0,0,0,0,0,0,0,0,0,0,0,0,0,0,0,4,0,0,0,0,0,0,0,900,,519,0.576666667,,7,0.007777778,,526,0.584444444
M67,67,vac,10^4,4,4,4_4,34,2.373926081,5.880206136,0.466622785,0.248818331,0.054897496,0.112014757,0.235274155,0,0,0,0,0,0,0,0,2,1,0,0,211,6,0,0,0,0,0,0,0,0,0,0,0,0,0,0,0,0,0,0,0,0,0,0,0,0,0,0,0,0,4,0,0,4,0,42,0,0,0,0,3,0,0,0,0,0,0,0,0,0,0,0,0,3,482,0,0,0,0,0,0,0,0,0,0,0,0,0,0,0,0,0,0,0,0,0,0,0,0,0,0,0,0,10,0,0,0,0,0,0,0,0,0,0,0,0,0,0,0,0,0,0,0,2,0,0,0,0,0,0,0,0,0,1,0,0,0,0,9,0,0,0,0,0,0,0,0,0,1,0,0,0,1,0,0,0,0,0,0,0,0,0,0,1,5,0,2,0,0,0,10,0,0,0,0,0,0,0,0,0,0,0,0,0,1,0,0,0,0,0,0,0,0,0,0,0,0,0,0,0,0,0,0,0,0,3,0,0,0,0,45,0,0,0,2,0,0,0,0,0,15,0,0,0,0,0,4,0,0,0,0,0,0,0,0,5,0,0,0,0,0,0,0,2,0,0,0,0,0,0,0,0,0,0,0,0,0,0,0,0,0,0,0,0,0,0,0,0,0,0,2,1,0,0,0,0,8,0,0,0,0,0,0,0,0,0,0,0,0,0,0,0,0,0,0,0,0,0,0,0,9,0,0,0,0,0,0,0,0,0,0,2,0,0,0,0,0,0,0,0,0,0,0,0,0,0,0,0,0,0,0,0,0,0,0,0,0,0,0,0,0,0,0,0,0,0,0,0,0,0,0,0,0,1,0,0,0,0,0,0,0,0,0,0,0,0,0,0,0,0,0,0,0,0,0,0,0,0,0,0,0,0,0,0,0,0,0,0,0,0,0,0,0,0,0,0,0,0,0,0,0,900,,220,0.244444444,,0,0,,220,0.244444444
M68,68,vac,10^4,4,4,4_4,36,3.087882933,6.795183213,0.59727809,-0.108761556,-0.044905297,0.090352558,0.047280243,0,0,0,0,0,0,0,2,0,0,0,0,364,0,0,0,0,0,0,0,0,22,0,0,0,0,0,0,0,0,0,0,0,0,0,0,0,0,0,0,0,0,4,0,0,0,16,61,0,0,0,0,0,0,0,0,0,0,0,0,0,0,0,0,0,3,17,0,8,0,0,0,0,0,0,0,0,0,0,0,0,0,0,0,0,0,0,0,0,0,0,0,0,0,0,0,0,0,0,0,0,0,0,0,0,0,0,0,0,0,0,0,10,0,0,3,0,0,0,0,0,0,3,0,0,0,0,0,0,0,8,0,0,0,0,0,0,0,0,0,29,0,0,0,6,0,0,0,0,0,11,0,0,0,1,0,0,0,0,0,0,0,0,5,0,0,4,0,0,8,0,0,0,0,0,0,0,0,0,0,0,0,0,0,0,0,0,0,0,0,0,0,0,0,0,0,0,2,0,0,0,0,196,0,0,0,0,0,3,0,0,0,0,0,0,0,0,0,3,0,0,0,0,0,0,0,0,0,1,0,0,0,0,0,2,5,0,0,0,0,0,0,0,0,0,0,0,0,0,0,0,6,0,0,0,0,0,0,0,2,0,0,0,0,0,0,0,0,0,0,0,0,0,0,0,0,0,0,10,0,0,0,0,0,0,0,0,0,0,0,0,0,0,0,0,0,0,0,0,0,0,0,0,0,0,0,0,0,0,0,0,0,68,0,0,0,0,0,0,0,0,0,0,0,0,0,0,0,0,0,0,0,0,0,2,0,0,0,0,0,0,0,0,0,0,0,0,0,3,0,0,0,0,0,0,0,0,0,0,0,0,0,0,0,0,0,0,0,9,0,0,0,0,2,0,0,0,0,0,0,0,0,0,0,0,0,0,0,0,0,1,0,0,900,,388,0.431111111,,0,0,,388,0.431111111
M71,71,vac,10^4,4,5,4_5,37,3.605800724,4.438751981,0.692164892,-0.055850433,-0.097262344,-0.168069915,-0.007400578,0,22,0,0,0,6,0,0,7,0,0,1,372,0,0,0,0,0,0,0,0,0,0,0,11,0,0,0,0,0,0,0,0,0,0,0,0,1,0,0,0,0,0,12,0,0,29,0,0,0,0,0,0,0,0,0,0,0,0,0,0,0,0,0,0,0,50,0,0,0,0,0,0,0,0,0,0,0,0,0,0,0,0,0,0,0,0,0,0,0,0,0,0,0,0,0,0,0,0,0,0,0,0,0,0,0,0,0,0,0,0,0,0,16,0,0,0,0,0,0,0,1,2,0,0,0,31,0,0,0,0,0,0,0,0,2,0,0,0,0,0,0,0,0,41,0,0,0,0,0,0,0,0,0,0,0,0,0,0,0,0,0,0,0,0,0,0,0,0,0,0,0,0,0,0,0,0,0,0,0,0,0,0,2,0,0,0,0,0,0,0,0,0,0,0,19,0,2,0,0,0,0,7,0,0,0,23,4,0,0,0,0,6,0,0,0,0,0,13,0,0,0,0,0,0,0,0,5,0,0,0,0,0,0,0,0,0,0,0,0,0,0,0,0,0,0,0,0,0,14,0,0,0,0,0,0,0,0,0,0,0,0,0,0,0,0,0,0,0,0,0,0,13,0,0,0,0,0,1,0,0,2,0,0,0,0,0,0,0,0,0,0,0,0,0,0,0,0,0,0,0,0,0,0,0,0,0,0,0,0,0,0,24,0,0,0,0,0,0,0,0,68,0,0,0,0,0,0,0,0,0,0,0,0,0,0,13,0,5,43,0,0,0,0,0,0,0,0,0,0,0,0,0,0,0,0,0,0,7,0,0,0,0,0,0,0,0,0,0,0,0,0,0,0,0,0,0,0,0,0,21,0,0,0,0,0,0,0,0,0,4,0,0,900,,408,0.453333333,,43,0.047777778,,451,0.501111111
M72,72,vac,10^4,4,5,4_5,13,1.852377703,2.246817315,0.500583132,-0.086748684,-0.127343486,-0.301178092,-0.087519545,0,10,0,0,0,0,0,0,12,0,0,0,589,0,0,5,0,0,0,0,0,0,0,0,0,0,0,0,0,0,0,0,0,0,0,0,0,0,0,0,0,0,0,0,0,0,0,0,0,0,0,0,0,0,0,0,0,0,0,0,0,0,0,0,0,0,14,0,0,0,0,0,20,0,0,0,0,0,0,0,0,0,0,0,0,0,0,0,0,0,0,0,0,0,0,0,0,0,0,0,0,15,0,0,0,0,0,0,0,0,0,0,0,0,0,0,0,0,0,0,0,0,0,0,0,0,0,0,0,0,0,0,0,0,0,0,0,0,0,0,0,6,0,0,64,0,0,0,0,0,0,0,0,0,0,0,0,0,0,0,0,0,0,0,0,0,0,0,0,0,0,0,0,0,0,0,0,0,0,0,5,0,0,0,0,0,0,0,0,0,0,0,0,0,0,0,9,0,0,0,0,0,0,0,0,0,0,0,0,0,0,0,0,0,0,0,0,0,0,0,0,0,0,0,0,0,0,0,0,0,0,0,0,0,0,0,0,0,0,0,0,0,0,0,0,0,0,0,0,0,0,0,0,0,0,0,0,0,0,0,0,0,0,0,0,0,0,0,0,0,0,0,0,0,0,0,0,0,0,0,0,0,0,0,0,0,0,0,0,0,0,0,0,0,0,0,0,0,0,0,0,0,0,0,0,0,0,0,0,0,0,0,135,0,0,0,0,0,0,0,0,0,0,0,0,0,0,0,0,0,0,0,0,0,0,0,0,0,0,0,0,0,0,0,0,0,0,0,0,0,0,0,0,0,0,0,0,0,0,0,0,0,0,0,0,0,0,0,0,0,0,0,0,0,16,0,0,0,0,0,0,0,0,0,0,0,0,0,0,0,0,0,0,900,,616,0.684444444,,0,0,,616,0.684444444
M74,74,vac,10^4,4,5,4_5,38,3.707662506,4.442674929,0.706500327,-0.054385271,-0.114897752,-0.220446398,-0.020749993,0,93,0,0,0,0,0,0,0,0,0,0,272,0,0,0,0,0,0,0,0,0,0,0,0,0,0,0,0,0,0,0,0,0,0,0,0,0,0,0,0,0,0,0,0,0,0,4,0,0,0,0,0,0,0,0,0,0,0,0,0,0,5,0,0,21,44,0,0,0,0,0,0,0,0,0,0,0,0,0,0,0,0,0,0,0,0,0,0,0,0,0,0,0,0,0,0,0,0,0,0,0,0,30,0,0,0,0,0,0,0,0,11,0,0,0,0,0,0,0,0,0,0,0,0,0,4,0,0,0,0,0,0,0,0,0,0,29,0,0,0,0,0,0,161,0,4,0,0,0,0,28,0,0,0,0,0,0,0,0,14,0,0,0,0,0,14,0,0,7,0,0,0,0,1,0,0,1,0,0,0,0,0,11,0,0,0,0,0,0,0,0,0,0,0,11,0,0,0,4,0,0,1,0,0,0,5,0,4,0,0,0,0,0,0,0,0,22,0,0,0,0,0,0,0,0,0,0,0,0,0,0,0,0,0,0,0,0,3,0,0,0,1,0,0,0,9,0,0,0,0,0,0,0,0,0,0,0,0,0,0,0,0,0,0,0,0,0,0,0,0,0,0,0,0,0,0,0,0,0,0,0,0,0,0,0,0,4,0,0,0,0,0,0,0,0,4,0,0,5,0,0,0,0,0,0,0,0,0,0,2,0,16,0,0,0,0,0,0,0,0,1,0,3,0,0,0,0,0,0,0,0,0,0,0,0,0,0,0,0,0,0,9,0,0,0,0,0,0,0,0,0,0,0,0,0,0,0,0,0,0,0,0,0,0,0,0,0,0,0,0,0,0,0,0,0,0,0,0,0,12,0,0,0,0,0,0,0,0,0,0,30,0,900,,365,0.405555556,,28,0.031111111,,393,0.436666667
M75,75,vac,10^4,4,5,4_5,64,4.06440235,8.810228443,0.677400392,-0.165786921,-0.027822972,0.167097904,-0.069473612,0,0,0,0,0,0,0,2,3,4,0,0,122,0,0,0,0,0,0,0,0,0,0,0,0,0,0,0,0,0,0,0,0,0,0,0,1,0,0,0,0,0,0,4,0,0,0,10,4,0,0,0,0,0,0,0,0,0,0,0,1,0,0,0,0,0,2,0,0,2,0,0,0,0,0,0,0,0,0,0,0,0,0,0,0,1,0,0,0,0,0,0,0,0,0,0,0,0,0,0,0,0,0,0,0,0,0,0,0,0,0,0,6,0,0,0,0,0,2,0,0,0,8,0,0,0,23,0,0,0,8,2,0,0,8,0,0,0,0,0,0,0,0,0,2,0,2,0,0,0,2,0,15,0,0,0,0,22,0,1,0,6,0,0,0,0,0,0,0,2,0,0,0,0,0,0,0,1,0,0,0,0,0,24,0,0,0,0,0,0,0,0,0,0,0,17,0,0,0,2,0,0,82,0,0,0,73,12,0,1,0,1,3,1,0,0,3,2,2,0,0,0,13,0,0,0,0,0,0,0,0,0,1,0,1,1,0,0,4,0,0,0,4,0,0,0,0,0,0,0,0,16,0,0,0,0,0,0,0,0,0,0,0,0,0,0,0,6,0,0,7,0,0,0,0,0,0,0,0,0,0,0,2,0,0,0,0,0,0,2,0,2,0,10,0,0,0,0,61,0,0,0,0,8,0,0,0,0,0,0,0,0,0,2,0,0,0,0,0,0,0,0,0,4,0,0,0,0,0,0,0,0,0,0,0,0,0,0,258,0,0,0,0,0,0,1,0,0,0,0,0,0,0,0,0,0,0,0,1,0,0,0,0,0,2,0,0,0,0,0,0,0,0,2,0,0,0,3,0,0,0,0,0,0,0,0,0,0,0,0,0,0,0,900,,131,0.145555556,,0,0,,131,0.145555556
M76,76,vac,10^4,4,5,4_5,47,2.775500357,6.123155393,0.499677011,0.291516611,-0.014124534,-0.01771848,-0.075047308,0,11,0,0,0,0,0,0,1,0,0,0,30,0,0,0,0,0,0,0,0,0,0,0,0,0,0,0,0,0,2,1,3,0,0,1,0,1,0,0,0,0,0,0,2,0,0,4,0,0,0,0,0,0,0,0,0,0,0,0,0,0,0,0,0,0,504,0,1,0,0,0,0,0,0,0,0,0,0,0,0,0,0,0,0,0,0,0,0,0,0,0,1,0,0,0,0,0,1,0,0,0,0,3,0,0,0,0,0,0,6,0,0,0,0,0,0,0,0,0,0,0,12,0,0,0,48,0,0,0,0,0,0,0,9,0,0,0,0,0,0,0,0,0,26,0,0,0,0,0,0,1,0,0,0,0,0,0,0,0,0,0,0,0,0,4,0,0,0,2,5,0,0,0,0,0,0,0,0,0,0,0,0,10,0,0,0,0,0,0,0,0,0,0,0,9,0,0,0,0,0,0,0,0,0,0,3,0,0,0,0,5,1,0,0,0,4,8,5,0,0,0,0,1,6,0,0,0,0,0,0,0,0,0,0,1,0,0,50,0,0,0,0,0,0,0,0,0,0,0,0,0,0,0,0,0,0,0,1,0,0,0,0,0,0,0,0,0,0,0,0,0,0,100,0,0,0,0,0,0,0,0,0,0,0,0,0,0,0,0,0,0,0,1,0,0,0,0,0,1,0,0,0,0,0,0,0,0,0,0,0,0,5,0,0,0,0,0,0,0,0,2,0,0,0,0,0,0,1,0,0,0,0,0,0,0,0,0,0,0,3,0,0,0,0,0,0,0,0,0,2,0,1,0,0,0,0,0,0,0,0,0,0,0,0,0,0,0,0,0,1,0,0,0,0,0,0,0,0,0,0,0,0,0,0,0,0,0,0,0,0,0,0,900,,42,0.046666667,,1,0.001111111,,43,0.047777778
M79,79,vac,10^5,5,3,5_3,22,2.30516103,4.9027239,0.516918125,-0.025076385,-0.021689635,-0.00156999,-0.04531184,0,0,0,0,0,0,0,0,0,6,0,0,559,0,0,0,0,0,0,0,0,0,0,0,0,0,0,0,0,0,0,0,0,0,0,0,0,0,0,0,0,0,0,0,0,0,0,0,0,0,0,0,0,0,0,0,14,0,0,0,0,0,0,0,0,0,106,0,0,0,0,0,0,0,0,0,0,0,0,0,0,0,0,0,0,0,0,20,0,0,0,0,0,0,0,0,0,0,0,0,0,0,0,0,0,0,0,0,0,0,0,0,0,0,0,0,0,0,0,5,0,0,48,0,0,0,9,0,0,0,0,0,0,0,0,0,0,0,0,0,0,0,0,0,6,0,0,0,0,0,0,0,4,0,3,0,0,0,0,0,0,0,4,0,0,0,0,0,0,0,0,0,0,0,0,0,0,0,0,0,0,0,0,0,0,0,0,0,0,0,0,0,0,0,0,4,0,0,0,0,0,0,0,0,0,0,8,0,0,0,0,0,0,0,0,0,0,0,5,0,0,0,0,0,0,0,0,0,0,0,0,0,0,0,0,0,0,0,18,0,0,0,0,0,9,0,0,0,0,0,0,0,0,0,0,0,0,0,0,0,0,0,0,0,0,0,0,0,0,0,0,0,0,0,0,0,0,0,13,0,0,0,0,0,0,0,0,0,0,0,0,0,0,0,0,0,0,0,0,0,0,0,0,0,0,0,0,0,0,0,0,0,0,0,0,0,0,0,0,0,0,0,0,0,0,0,0,0,0,0,0,0,0,0,0,0,0,0,0,0,0,0,0,0,0,21,0,9,0,0,3,0,0,0,0,0,0,0,0,0,0,0,0,0,0,0,0,0,0,0,0,0,0,0,0,26,0,0,0,0,0,0,0,0,0,0,0,0,0,0,0,0,0,900,,565,0.627777778,,0,0,,565,0.627777778
M80,80,vac,10^5,5,3,5_3,44,2.889720941,7.016617709,0.52930802,-0.082099755,-0.040093773,0.15705142,-0.080888098,0,0,0,0,0,0,0,0,0,0,0,0,544,15,0,0,0,0,0,0,36,0,0,0,0,0,0,0,0,0,0,1,0,1,0,0,0,0,0,0,7,0,0,0,0,0,0,3,0,0,0,0,0,0,0,0,0,0,0,0,0,0,0,0,0,0,9,0,0,0,0,0,0,0,0,0,0,0,31,0,0,0,0,0,0,0,0,0,0,0,0,0,0,0,0,0,0,0,0,0,0,0,0,0,0,0,0,0,0,0,5,0,3,0,0,0,0,0,3,0,0,0,3,0,0,0,0,10,0,0,0,0,0,0,0,0,0,0,0,0,0,14,0,0,0,0,0,0,0,0,3,0,0,0,0,0,0,1,0,0,0,0,0,10,0,0,8,0,0,7,0,0,0,0,0,0,0,0,0,0,0,0,0,5,0,0,0,0,0,0,0,0,0,0,0,0,0,0,0,0,0,1,0,0,7,0,20,0,0,5,4,3,1,0,0,0,0,0,0,0,0,0,4,0,0,0,0,0,0,0,0,0,2,0,15,0,0,0,0,0,0,0,0,0,0,0,6,0,0,0,0,5,0,0,0,0,0,25,0,0,0,0,0,0,0,0,0,0,0,0,0,0,0,0,0,0,0,0,8,0,0,0,0,0,0,0,0,0,0,0,0,0,19,0,0,0,0,0,0,0,0,0,0,0,0,0,0,0,0,0,0,0,0,0,0,0,0,0,12,0,0,0,0,17,0,0,0,0,0,0,0,0,4,0,0,0,0,0,0,0,0,0,0,0,0,0,0,0,0,0,0,0,0,1,0,0,0,0,0,0,0,0,0,0,0,0,5,0,0,0,0,0,0,0,0,2,0,13,0,0,0,0,0,2,0,0,0,0,0,0,0,0,0,900,,595,0.661111111,,0,0,,595,0.661111111
M81,81,vac,10^5,5,3,5_3,50,3.802510516,6.38260633,0.673743339,-0.077876684,-0.089418313,-0.082016051,-0.14450221,0,0,0,0,0,0,0,0,13,0,0,0,301,0,0,126,0,0,0,0,0,0,0,0,0,0,0,0,0,0,0,15,0,0,0,0,0,0,0,0,5,0,0,0,0,2,2,2,5,0,0,0,0,0,0,0,0,0,0,0,0,0,0,0,0,6,25,0,0,0,0,0,0,0,0,0,0,0,1,0,0,0,0,0,0,0,0,0,0,0,0,0,0,0,0,0,0,0,0,0,0,0,0,0,0,0,0,0,0,0,0,0,2,0,0,0,0,0,0,0,0,0,7,0,0,0,8,5,0,0,0,0,0,0,0,0,0,1,0,0,0,1,0,0,0,0,0,0,0,3,0,0,0,0,0,0,0,6,0,0,0,0,0,0,0,0,12,3,0,0,0,0,0,0,4,0,0,0,0,0,0,0,0,2,0,0,0,0,0,0,0,0,0,0,0,9,0,0,0,6,0,0,36,0,47,0,18,0,2,0,0,0,0,0,10,0,0,0,0,0,0,0,0,0,0,0,0,0,71,0,0,0,0,0,12,0,0,0,2,0,0,0,11,0,0,0,2,0,0,2,0,0,0,0,0,0,0,6,0,0,0,0,0,0,0,0,0,0,0,5,0,0,0,0,0,0,0,0,0,0,0,0,0,0,0,0,0,0,0,0,2,0,3,0,0,0,0,0,0,0,0,1,0,0,0,0,0,0,0,0,0,0,69,0,3,0,0,0,0,0,0,0,0,2,0,0,2,0,12,0,0,0,0,0,0,0,0,0,0,0,0,0,0,0,0,0,0,0,0,0,0,0,0,0,3,0,0,0,0,0,0,0,0,0,0,0,0,0,0,3,0,0,0,4,0,0,0,0,0,0,0,0,0,0,0,0,0,0,0,0,0,0,0,900,,440,0.488888889,,0,0,,440,0.488888889
M82,82,vac,10^5,5,3,5_3,43,3.813515268,6.245532289,0.702788279,-0.071420603,0.121336909,0.246263061,0.131975605,0,23,0,0,0,0,0,0,16,10,0,0,259,0,0,0,0,0,0,0,0,0,0,0,0,0,0,0,0,0,0,0,0,0,0,0,0,0,0,0,0,0,1,0,0,0,0,15,0,0,0,2,0,0,0,0,0,0,0,0,0,0,0,0,0,0,61,0,0,1,0,3,0,0,0,0,0,0,0,0,0,0,0,0,0,0,0,0,0,0,0,0,0,0,0,0,0,0,0,0,0,0,0,0,0,0,0,0,0,0,0,0,0,0,0,0,0,2,3,80,0,0,0,0,0,0,0,0,0,0,77,0,0,0,0,0,0,0,0,0,0,0,0,0,79,0,0,1,0,0,4,0,2,0,0,0,0,0,0,0,0,0,1,0,0,0,11,0,0,0,0,0,0,0,0,0,0,0,0,0,0,0,0,0,0,0,0,0,0,0,0,0,0,0,0,0,0,2,0,0,0,0,74,0,0,0,23,0,0,0,0,0,18,0,0,0,0,0,3,0,0,2,0,0,0,0,0,10,0,3,0,0,0,0,0,1,0,0,0,5,0,0,0,0,0,0,3,0,0,0,0,0,0,0,0,0,0,0,0,0,0,0,0,0,0,0,0,0,0,0,0,0,0,0,0,0,2,0,52,0,0,0,0,0,0,0,0,0,0,14,0,0,0,0,0,0,0,0,0,0,0,0,0,0,0,0,0,0,0,0,0,0,0,1,0,0,1,1,0,0,0,3,0,0,0,0,0,0,0,0,0,0,5,0,2,0,0,0,1,0,0,0,0,0,0,15,0,0,0,0,0,8,0,0,0,0,0,0,0,0,0,0,0,0,0,0,0,0,0,0,0,0,0,0,0,0,0,0,0,0,0,0,0,0,0,0,0,0,0,0,0,0,0,900,,308,0.342222222,,0,0,,308,0.342222222
M83,83,vac,10^6,6,1,6_1,49,3.235443022,5.789928852,0.576244029,0.2328936,0.024776735,-0.052823944,0.239862515,0,7,0,0,0,0,0,0,2,0,0,0,67,0,0,131,0,0,0,0,0,0,0,0,0,0,0,0,0,2,27,0,0,2,0,0,0,0,0,0,0,0,0,0,0,0,9,47,0,0,0,3,0,0,0,0,0,0,0,0,0,0,0,0,0,0,401,0,0,0,0,0,0,0,0,0,0,0,0,0,0,0,0,0,0,0,0,0,0,0,0,1,0,1,0,0,0,0,0,0,0,0,0,0,0,0,0,0,0,0,0,0,1,0,0,0,0,0,0,0,0,0,4,0,0,0,16,0,0,0,5,0,0,0,51,0,0,1,0,0,1,0,0,0,14,0,0,0,0,0,0,0,0,0,0,0,0,0,0,0,0,0,0,0,0,0,0,0,0,3,2,0,0,0,2,0,0,0,0,0,0,0,0,0,0,2,0,0,0,2,0,0,0,0,0,5,0,0,0,0,0,0,14,0,0,0,0,0,1,0,0,0,4,0,0,0,0,6,0,0,0,0,0,2,0,0,0,0,0,0,0,0,0,0,0,0,0,0,7,0,0,1,2,0,0,0,0,0,0,3,0,0,0,2,0,0,0,0,12,0,3,0,0,0,0,0,0,0,0,0,0,0,0,0,0,0,0,0,4,0,0,6,0,0,0,0,0,0,0,0,1,0,0,0,0,0,0,1,0,0,0,5,0,0,0,0,0,0,0,0,0,0,0,0,0,0,0,0,0,0,0,8,0,0,0,0,0,0,0,0,0,0,0,0,0,0,0,0,0,0,0,0,0,0,0,0,0,2,0,0,0,0,0,0,0,2,0,0,0,0,0,0,0,0,0,0,0,0,0,1,0,0,0,0,0,0,0,4,0,0,0,0,0,0,0,0,0,0,0,0,0,0,0,900,,207,0.23,,0,0,,207,0.23
M84,84,vac,10^6,6,1,6_1,26,2.594508284,4.440778501,0.551971398,-0.098493711,-0.11556394,-0.091933215,-0.087335901,0,7,0,0,0,0,31,0,17,0,0,0,527,0,0,37,0,22,0,0,0,0,0,0,0,0,0,0,0,0,0,47,0,0,0,0,0,0,0,0,0,0,0,0,0,0,0,0,0,0,0,0,0,1,2,0,0,0,0,0,0,0,0,0,0,0,2,0,9,0,0,0,0,0,0,0,0,0,0,0,0,0,0,0,0,0,0,0,0,0,0,0,0,0,0,0,0,0,0,0,0,0,0,0,0,0,0,0,0,0,0,0,0,0,0,0,0,0,0,0,0,0,0,0,0,0,0,0,0,0,0,0,0,0,0,0,0,0,0,0,0,5,0,0,12,0,0,0,0,0,12,0,0,0,0,0,0,0,0,0,0,0,0,0,0,0,0,0,0,33,0,0,0,0,0,0,0,0,0,0,2,0,0,0,0,0,0,0,0,0,0,4,0,0,0,0,0,0,0,0,0,0,0,0,8,0,18,0,0,0,0,0,0,0,0,0,0,0,0,0,0,0,0,0,0,0,0,3,0,0,0,0,0,0,0,0,0,0,3,0,0,0,0,0,0,0,0,0,0,0,0,0,0,0,0,0,0,0,0,0,0,0,0,0,0,0,0,0,0,0,0,0,0,0,0,0,0,0,0,0,0,0,0,0,0,0,0,0,0,0,0,0,9,0,0,0,0,0,0,0,0,0,0,0,0,0,0,0,0,0,0,0,72,0,0,0,0,0,0,0,0,0,0,0,0,0,0,0,0,0,0,0,0,0,0,0,0,0,0,0,0,0,0,12,0,0,0,0,0,0,0,2,0,0,0,0,0,0,0,0,0,0,0,0,3,0,0,0,0,0,0,0,0,0,0,0,0,0,0,0,0,0,0,0,0,0,0,0,0,0,0,0,0,900,,641,0.712222222,,0,0,,641,0.712222222
M85,85,vac,10^6,6,1,6_1,54,3.808340087,7.09889646,0.661757521,0.076618858,-0.012202234,0.032767196,-0.095672604,0,5,0,0,0,0,0,0,2,0,18,0,259,0,0,0,0,0,0,0,0,0,0,0,0,0,5,0,0,0,4,0,0,0,0,0,0,0,0,0,0,0,0,0,0,22,1,0,0,0,0,0,0,0,25,0,0,0,0,0,0,2,0,0,0,0,228,0,0,0,0,0,0,0,0,0,0,0,0,0,0,5,0,5,0,0,0,0,0,0,0,0,0,1,0,0,0,0,0,0,2,0,0,0,0,0,0,0,0,0,0,0,0,0,0,0,0,0,1,0,0,0,0,0,0,0,12,0,0,0,0,0,0,0,0,0,0,0,0,0,0,3,0,0,0,0,8,0,0,0,0,0,4,0,0,0,0,0,0,0,0,0,0,0,0,0,10,0,0,4,0,0,0,0,0,0,0,5,0,0,0,0,0,0,0,0,0,0,0,0,0,0,0,0,9,3,0,0,0,0,0,0,20,4,5,0,22,0,0,0,0,0,1,0,0,0,0,0,0,4,0,0,0,7,0,0,0,1,0,0,0,0,0,0,7,0,0,0,0,0,0,0,0,0,0,0,7,0,0,4,0,0,0,0,0,0,0,0,0,3,0,0,6,0,0,0,0,0,0,0,0,0,0,0,0,0,0,0,0,0,2,21,0,0,0,0,0,0,0,0,0,2,4,0,0,0,4,0,0,0,0,0,13,0,10,0,0,1,0,0,0,0,70,0,0,0,0,0,0,5,0,0,0,0,0,0,0,0,6,10,0,0,0,0,0,0,0,10,0,0,0,0,0,0,0,0,0,0,0,0,3,0,0,0,0,0,0,0,0,0,0,0,0,0,0,0,0,0,0,0,0,0,0,0,0,0,0,0,0,0,3,0,0,2,0,0,0,0,0,0,0,0,0,900,,284,0.315555556,,0,0,,284,0.315555556
M86,86,vac,10^6,6,1,6_1,41,2.776575701,6.660040624,0.51825455,-0.091589069,-0.079993309,0.029892082,-0.009398105,0,8,0,0,0,0,0,0,0,0,0,0,103,0,0,0,0,0,0,0,0,0,0,0,0,0,0,0,0,0,0,0,0,0,0,0,0,0,0,0,0,0,0,0,0,0,2,14,0,0,0,0,0,0,0,0,0,0,0,0,0,0,0,0,0,2,85,0,0,0,0,0,0,0,0,0,0,0,3,0,0,0,0,0,0,0,0,0,0,0,0,0,0,0,0,0,0,0,0,0,0,0,0,1,0,0,0,0,0,0,0,0,3,0,0,0,0,0,0,0,0,0,12,0,0,0,3,0,0,0,0,0,0,0,0,0,0,2,0,0,16,0,0,0,17,0,0,0,0,0,0,0,0,0,2,0,0,0,0,0,0,0,2,0,0,0,2,0,0,1,0,0,0,0,0,0,0,0,0,0,0,0,0,0,0,0,0,0,1,0,0,0,0,0,0,2,0,4,0,0,0,0,0,0,5,0,21,0,4,0,0,5,3,0,0,0,0,5,0,0,0,0,0,0,0,0,0,0,0,0,0,0,0,0,6,0,0,0,46,0,0,0,0,0,0,0,2,0,0,0,0,0,0,0,0,0,0,2,0,0,0,0,0,2,0,0,0,0,0,0,0,0,0,1,0,0,0,0,13,0,0,0,0,0,0,0,0,0,0,0,0,0,0,2,1,0,1,0,0,0,0,0,0,0,0,0,0,0,0,0,0,0,0,0,0,0,0,0,0,0,0,0,0,7,0,0,0,0,484,0,0,0,1,0,0,0,0,0,0,0,0,0,0,0,0,0,0,0,0,0,0,0,0,0,0,0,0,0,0,0,0,0,0,0,0,0,4,0,0,0,0,0,0,0,0,0,0,0,0,0,0,0,0,0,0,0,0,0,0,0,0,0,0,900,,111,0.123333333,,0,0,,111,0.123333333
M87,87,vac,10^6,6,1,6_1,25,2.815112945,4.230650173,0.606201577,0.146955217,-0.044100261,-0.162850711,-0.016159981,0,0,0,0,0,0,0,0,0,0,0,0,359,0,18,0,0,0,0,0,0,10,0,0,0,0,0,0,0,0,0,0,0,0,0,0,0,0,0,0,0,0,0,0,0,0,0,0,0,0,0,0,0,0,0,0,0,0,0,0,0,0,0,0,0,0,253,0,0,0,0,0,0,0,0,0,0,0,0,11,0,0,0,0,0,0,0,0,0,14,0,0,0,0,0,0,0,0,0,0,0,0,0,0,0,0,0,0,0,0,0,0,0,0,0,0,2,0,0,0,0,0,16,0,0,0,53,0,0,0,0,0,0,0,0,0,0,0,0,0,0,0,0,0,0,0,0,0,0,0,2,0,0,0,0,0,0,0,0,0,0,0,2,0,0,0,0,0,0,0,0,0,0,0,5,0,0,0,0,0,0,0,0,0,0,0,0,0,0,0,0,0,0,0,0,0,0,0,0,0,0,0,17,0,0,7,3,0,0,0,0,0,4,0,49,0,2,0,0,0,0,0,0,0,0,0,0,1,0,0,0,0,0,0,19,0,0,0,0,0,7,0,0,0,0,0,0,0,0,0,0,0,0,0,0,0,0,0,0,0,0,0,9,0,0,0,0,0,0,0,0,0,0,0,0,0,0,0,0,0,0,0,0,0,0,0,0,0,0,0,0,0,0,0,0,0,0,0,0,0,0,0,0,0,0,0,0,0,0,0,0,6,0,0,0,0,0,0,0,0,0,0,0,0,0,0,0,0,0,0,0,0,0,0,0,0,0,0,0,0,0,0,0,0,0,0,0,12,0,0,0,0,0,0,0,0,0,19,0,0,0,0,0,0,0,0,0,0,0,0,0,0,0,0,0,0,0,0,0,0,0,0,0,0,0,0,0,0,0,0,0,0,0,900,,387,0.43,,0,0,,387,0.43
M88,88,vac,10^6,6,1,6_1,40,3.309886998,7.110284411,0.621933806,-0.125824382,0.007234817,0.237748487,-0.004346658,0,0,0,0,0,0,0,0,0,0,0,0,448,0,0,0,0,0,0,0,0,0,0,0,0,0,0,0,0,0,0,31,0,0,0,8,0,0,0,0,0,0,0,0,0,0,0,7,0,0,0,0,0,3,0,0,2,0,0,0,0,3,0,0,0,0,0,0,0,0,0,0,0,0,0,0,0,0,0,0,0,0,0,0,0,0,0,0,0,0,0,0,0,0,0,0,0,2,0,0,0,0,0,0,0,0,0,0,0,0,0,7,0,0,0,0,0,0,3,0,0,0,0,0,0,0,0,0,0,0,0,0,0,0,0,0,0,0,0,0,0,29,0,0,0,0,0,0,0,0,0,0,0,0,0,0,0,5,0,2,0,0,3,0,0,0,8,0,0,0,0,0,0,0,0,0,0,0,0,0,0,7,0,0,0,0,0,0,0,0,0,0,0,0,0,0,0,0,0,0,0,0,37,0,1,0,51,0,0,0,0,9,39,0,0,0,0,0,0,0,0,0,0,0,0,0,0,0,0,0,2,0,0,0,7,0,0,21,0,0,0,0,0,0,0,0,0,0,0,0,0,4,0,49,0,0,0,0,0,0,0,0,0,0,0,0,0,0,0,0,4,0,0,0,0,0,0,0,15,0,0,0,0,0,0,0,0,0,0,0,0,0,8,0,0,0,9,0,0,0,0,0,0,0,0,0,0,0,0,2,0,0,0,0,0,0,0,0,0,0,0,0,0,7,0,0,0,0,0,0,0,0,0,0,0,0,0,0,0,0,0,0,0,0,0,8,0,0,0,0,0,0,12,0,0,0,0,0,0,0,0,11,0,0,2,0,6,0,0,5,0,0,0,0,0,0,0,0,0,0,0,0,0,0,0,12,0,0,11,0,0,0,0,900,,448,0.497777778,,0,0,,448,0.497777778
M91,91,vac,10^6,6,3,6_3,59,4.30143086,7.6708181,0.731207184,-0.081369067,0.166271512,0.119344441,0.247188894,1,1,0,0,0,0,0,0,1,6,0,0,19,0,0,19,0,0,0,0,0,0,0,0,0,0,0,0,0,0,0,15,0,2,0,0,0,0,0,0,0,0,3,39,0,0,3,7,0,0,0,2,0,0,0,0,0,0,0,0,0,0,0,0,0,0,82,0,0,0,0,0,0,0,0,0,0,0,0,0,0,0,0,0,0,0,0,0,0,0,4,0,0,0,0,0,25,0,0,0,0,0,0,0,0,0,0,0,0,0,1,0,0,0,0,17,0,2,0,0,0,0,1,1,0,10,33,0,0,0,7,0,0,0,1,0,31,0,1,0,0,0,0,0,3,0,0,0,0,0,0,0,3,0,0,0,0,0,0,0,0,0,0,0,0,0,0,0,0,0,0,0,0,0,0,0,2,0,0,0,0,0,1,0,0,0,0,0,2,0,0,0,2,0,0,4,0,2,0,0,0,0,117,0,0,0,0,1,1,0,0,0,36,0,0,10,0,0,0,0,0,0,0,9,0,0,0,10,0,0,0,0,0,0,0,14,0,0,5,2,0,3,1,0,0,0,0,0,0,0,0,0,0,48,0,0,0,0,0,0,0,0,0,0,0,0,0,0,0,0,1,0,0,0,0,0,9,0,205,0,0,1,0,0,0,0,0,0,0,0,0,0,0,2,0,0,0,0,0,0,0,0,0,9,0,0,0,0,0,0,0,0,0,0,0,0,2,0,0,0,0,0,0,0,0,0,0,0,0,0,0,0,2,0,0,0,0,0,0,0,0,0,0,0,0,0,0,0,0,0,0,7,0,0,0,51,0,0,0,0,0,0,0,0,0,0,1,0,0,0,0,0,0,0,0,0,0,0,0,0,0,0,0,0,0,0,0,0,0,0,0,0,0,900,,47,0.052222222,,0,0,,47,0.052222222
M92,92,vac,10^6,6,3,6_3,50,3.827165309,6.947282716,0.67811177,-0.078733379,0.041277148,0.065472911,0.22653897,1,0,0,0,0,0,0,7,0,0,0,0,364,0,0,0,0,0,0,0,0,0,0,0,0,0,0,0,0,0,0,52,0,0,0,3,0,0,0,0,0,0,9,0,0,0,32,74,0,0,0,0,0,0,0,0,0,0,0,0,0,2,0,0,0,4,32,0,0,0,2,0,0,0,0,0,0,0,0,0,0,0,0,0,0,0,0,0,0,0,6,2,0,0,0,0,0,0,0,0,0,0,0,0,0,0,0,0,0,0,5,0,3,0,0,0,5,0,0,0,0,0,3,2,0,24,23,0,0,0,7,0,0,0,0,0,0,0,3,0,16,0,0,0,0,0,0,0,0,0,0,0,0,0,0,0,0,0,0,0,0,0,0,0,0,0,25,0,0,3,0,0,0,0,1,0,0,0,0,0,0,0,0,3,0,0,0,0,7,0,8,0,0,0,0,0,0,0,0,0,0,0,4,0,0,0,1,0,0,0,0,0,17,0,0,0,0,0,0,0,0,0,0,1,0,0,0,3,0,0,0,0,0,0,0,1,0,0,2,0,0,0,22,0,0,7,0,0,6,0,0,0,0,16,0,0,0,0,0,0,4,0,0,0,0,0,0,0,0,0,0,0,0,0,0,0,0,0,14,0,0,0,0,0,0,0,0,0,8,2,0,0,0,0,0,0,0,0,0,0,0,0,0,0,0,0,0,0,0,0,0,0,0,0,0,0,0,0,0,0,0,0,0,0,0,0,0,0,0,0,0,0,7,0,0,0,0,0,8,0,0,0,0,0,0,0,4,0,15,0,0,0,0,0,0,0,0,0,0,0,0,0,0,0,0,0,30,0,0,0,0,0,0,0,0,0,0,0,0,0,0,0,0,0,0,0,0,0,0,0,0,0,0,900,,372,0.413333333,,0,0,,372,0.413333333
M93,93,vac,10^6,6,3,6_3,12,0.802195935,3.204683039,0.223766897,-0.080430818,-0.124255448,-0.16790569,-0.08598494,0,0,0,0,0,0,0,0,0,0,0,0,804,0,0,0,0,0,0,0,0,0,0,0,0,0,0,0,0,0,0,0,0,0,0,0,0,0,0,0,0,0,0,0,0,0,0,0,0,0,0,0,0,0,0,0,0,0,0,0,0,0,0,0,0,0,9,0,0,7,0,0,0,0,0,0,0,0,0,0,0,0,0,0,0,1,0,0,0,0,0,0,0,0,0,0,0,0,0,0,0,0,0,0,0,0,0,0,0,0,0,0,0,0,0,0,0,0,0,0,0,0,0,0,0,0,0,0,0,0,0,0,0,0,0,0,0,0,0,0,0,0,0,1,0,0,0,0,0,0,0,0,0,0,0,0,0,0,0,0,0,0,0,0,0,0,0,0,15,0,0,0,0,0,0,0,0,0,0,0,0,0,0,0,0,0,0,0,0,0,0,0,0,0,0,0,0,0,0,0,24,0,0,0,0,0,0,0,0,0,0,0,0,0,0,0,0,0,12,0,0,0,0,0,0,0,0,0,0,0,0,0,0,0,1,0,0,0,0,0,0,0,0,0,0,0,0,0,0,0,0,0,0,0,0,0,0,0,0,0,0,0,0,0,0,0,0,0,0,0,0,2,0,0,0,0,0,17,0,0,0,0,0,0,0,0,0,0,0,0,0,0,0,0,0,0,0,0,0,0,0,0,0,0,0,0,0,0,0,0,0,0,0,0,0,0,0,0,0,0,0,0,0,0,0,0,0,0,0,0,0,0,0,0,0,0,0,0,7,0,0,0,0,0,0,0,0,0,0,0,0,0,0,0,0,0,0,0,0,0,0,0,0,0,0,0,0,0,0,0,0,0,0,0,0,0,0,0,0,0,0,0,0,0,0,0,0,0,0,0,0,0,0,900,,804,0.893333333,,0,0,,804,0.893333333
M94,94,vac,10^6,6,3,6_3,45,4.166425881,5.726155474,0.758655741,-0.10620994,0.058028037,0.100319965,-0.197701998,39,6,0,0,0,0,0,0,16,0,0,0,231,0,0,53,0,0,0,0,0,0,0,0,0,0,0,0,0,0,0,0,0,0,0,7,0,0,0,0,0,0,0,15,10,2,0,0,0,0,0,0,0,5,0,10,0,0,0,0,0,0,0,0,0,0,77,0,0,3,0,0,0,0,1,0,0,0,0,0,0,6,0,0,0,0,0,0,0,0,0,0,0,0,0,0,0,0,0,0,0,0,0,0,0,0,0,0,0,0,0,0,0,0,0,0,0,0,0,2,0,0,0,0,0,0,0,0,0,0,0,0,0,0,13,0,1,0,0,0,0,0,0,0,4,0,0,0,0,0,14,5,0,0,0,0,0,0,0,0,0,0,0,0,0,5,12,0,0,0,1,0,0,0,0,0,0,0,0,0,0,0,0,0,0,0,0,0,0,0,0,0,0,0,0,0,0,0,0,0,0,0,89,0,21,0,60,0,0,2,0,0,8,0,0,0,0,0,0,0,0,0,0,0,0,0,0,0,0,0,0,0,0,0,0,0,0,0,0,0,0,0,0,0,0,0,0,0,0,0,3,2,0,0,0,0,0,0,0,0,1,0,0,0,0,0,0,0,0,0,53,0,0,0,0,0,0,0,0,0,0,0,0,0,0,0,0,0,0,1,0,0,0,23,0,0,6,0,0,0,0,0,0,0,0,0,0,0,0,0,0,0,0,0,0,0,0,0,0,0,0,5,0,0,0,0,0,0,0,0,0,0,0,0,0,0,0,0,18,0,0,0,29,0,0,19,0,0,1,0,0,0,0,5,2,0,0,0,5,0,0,0,0,0,9,0,0,0,0,0,0,0,0,0,0,0,0,0,0,0,0,0,0,0,0,0,0,0,0,0,0,0,0,900,,345,0.383333333,,5,0.005555556,,350,0.388888889
M95,95,vac,10^6,6,3,6_3,13,1.036188714,2.650861552,0.280017726,0.435809286,-0.063414125,-0.36192544,0.038932058,0,0,0,0,3,0,0,0,0,0,0,0,6,0,0,0,0,0,0,0,0,0,0,0,0,0,0,0,0,0,0,0,0,0,0,0,0,0,0,0,0,0,0,0,0,0,1,4,0,0,0,0,0,0,0,0,0,0,0,0,0,0,0,0,0,25,771,0,0,0,0,0,0,0,0,0,0,0,0,0,0,0,0,0,0,0,0,0,0,0,0,0,0,0,0,0,0,0,0,0,0,0,0,0,0,0,0,0,0,0,0,0,0,0,0,0,0,0,0,0,0,0,19,0,0,0,16,0,0,0,0,0,0,0,25,0,0,0,0,0,0,0,0,0,0,0,0,0,0,0,0,0,0,0,0,0,0,0,0,0,0,0,0,0,0,0,0,0,0,0,0,0,0,0,0,0,0,0,0,0,0,0,0,0,0,0,0,0,0,0,0,0,0,0,0,0,0,0,0,0,0,0,0,0,2,0,0,0,0,0,0,0,0,0,0,0,0,0,0,0,0,0,0,0,0,0,0,0,0,0,0,0,0,0,0,0,0,0,0,0,0,0,12,0,0,0,0,0,0,0,0,0,0,0,0,0,0,0,0,0,0,0,0,0,0,0,0,0,0,0,0,0,0,0,0,0,0,0,0,0,0,0,0,0,0,0,0,0,0,0,0,0,0,0,0,0,0,0,0,0,0,0,0,0,0,0,0,0,0,0,0,0,2,0,0,0,0,0,0,0,0,14,0,0,0,0,0,0,0,0,0,0,0,0,0,0,0,0,0,0,0,0,0,0,0,0,0,0,0,0,0,0,0,0,0,0,0,0,0,0,0,0,0,0,0,0,0,0,0,0,0,0,0,0,0,0,0,0,0,0,0,0,0,0,0,0,0,0,0,0,0,0,0,900,,9,0.01,,0,0,,9,0.01
M96,96,vac,10^6,6,5,6_5,34,2.31265284,5.407437027,0.454578817,-0.075689328,-0.099733246,-0.084515884,-0.117303626,0,7,0,0,0,0,0,0,0,0,0,2,623,0,3,0,0,0,0,0,0,0,0,0,0,0,0,0,0,0,0,0,0,0,0,0,0,0,0,0,0,0,0,0,0,0,0,0,0,0,0,0,0,0,0,0,0,0,0,9,0,0,0,0,0,20,8,0,0,0,0,6,0,0,0,0,0,0,20,0,0,0,0,0,0,0,0,0,0,0,0,0,0,0,0,0,0,0,0,0,0,0,0,0,0,0,0,0,0,0,0,0,0,0,0,0,3,0,0,0,0,0,3,3,0,0,1,0,0,0,0,0,0,0,2,0,0,0,0,0,0,5,0,0,18,0,0,0,6,0,0,0,3,0,4,0,0,0,0,0,0,0,0,0,0,0,19,0,0,0,0,0,0,0,0,0,0,8,0,0,0,0,0,17,0,0,0,0,0,0,0,0,0,0,0,0,0,0,0,0,0,0,6,0,0,0,23,0,0,0,0,0,2,0,0,0,0,0,11,0,0,0,2,0,0,0,0,0,0,0,0,18,0,0,3,0,0,0,0,0,0,0,0,0,0,0,0,0,0,0,0,0,0,0,0,0,0,0,0,0,3,0,0,0,0,0,0,0,0,0,0,0,0,0,0,0,0,0,0,0,0,0,0,0,0,0,0,0,0,0,0,0,10,0,0,0,0,0,0,0,0,0,0,4,0,0,0,0,17,0,0,0,0,0,0,0,0,0,0,0,0,0,0,0,0,0,0,0,0,0,0,0,0,0,0,0,0,0,0,0,0,0,0,0,0,0,0,0,0,0,0,0,0,0,0,0,0,0,0,0,0,0,0,0,0,0,0,0,0,0,0,0,0,0,0,0,0,0,0,0,0,0,11,0,0,0,0,0,0,0,0,0,0,900,,635,0.705555556,,0,0,,635,0.705555556
M97,97,vac,10^6,6,5,6_5,17,3.098015339,2.126662443,0.757931132,-0.040857098,0.249173602,-0.022275898,0.215969506,0,50,0,0,0,0,0,0,0,0,0,0,0,0,0,0,0,0,0,0,0,0,0,0,0,0,0,0,0,0,0,0,0,0,0,0,0,0,0,0,0,0,0,0,0,0,0,0,0,0,0,1,0,0,0,0,0,0,0,0,0,0,0,0,0,0,0,0,0,0,0,0,0,0,0,0,0,0,0,0,0,0,0,0,0,0,0,0,0,0,0,0,0,0,0,0,0,0,0,0,0,0,0,20,0,0,0,0,0,0,0,0,0,0,0,3,0,0,0,0,0,0,0,183,0,0,0,0,0,0,0,0,0,0,0,0,0,0,0,0,0,0,0,0,105,0,0,0,0,0,0,0,0,0,0,0,0,0,0,15,0,0,0,0,0,0,0,0,0,0,0,0,0,0,0,0,0,0,0,0,22,0,0,0,0,0,0,0,0,0,0,0,0,0,0,0,0,0,0,0,0,0,0,0,0,0,0,0,0,0,0,0,0,0,0,0,0,0,0,148,0,0,0,0,0,19,0,0,0,0,0,0,0,0,0,8,0,0,0,1,0,0,0,0,0,0,0,0,0,0,0,0,0,0,122,8,0,0,0,0,0,0,0,0,0,0,0,0,0,0,0,0,0,0,0,0,0,0,0,0,0,0,0,0,0,0,0,0,0,0,0,0,0,0,0,0,0,0,0,0,0,0,0,3,0,0,0,0,0,0,0,0,0,0,0,0,0,0,0,0,0,0,0,0,13,0,0,0,0,0,0,0,0,0,0,179,0,0,0,0,0,0,0,0,0,0,0,0,0,0,0,0,0,0,0,0,0,0,0,0,0,0,0,0,0,0,0,0,0,0,0,0,0,0,0,0,0,0,0,0,0,0,0,0,0,0,0,0,0,0,0,0,0,900,,50,0.055555556,,0,0,,50,0.055555556
M98,98,vac,10^6,6,5,6_5,48,3.565161797,6.214333807,0.638350176,0.035339858,0.162643137,0.06617459,0.280226166,0,6,0,0,0,0,0,0,0,0,0,0,245,0,0,0,0,0,0,0,0,0,0,0,0,0,0,0,0,0,0,1,0,0,0,0,0,0,0,0,0,0,0,0,0,0,0,199,0,0,0,7,0,0,0,0,1,0,0,0,0,1,0,0,0,1,150,0,0,0,0,0,0,0,0,0,0,0,0,0,0,0,1,0,0,0,0,0,0,0,0,1,0,0,0,0,0,0,0,0,0,0,0,0,0,0,0,0,0,0,0,0,0,0,0,1,0,1,0,0,0,0,0,5,0,3,16,0,0,0,25,0,0,0,0,0,0,0,0,0,0,3,0,0,20,0,0,0,0,0,0,0,0,0,0,0,0,0,1,0,0,0,5,0,0,0,0,0,0,0,0,0,0,0,0,0,5,0,0,0,0,0,0,0,0,0,0,0,1,0,0,0,0,0,0,0,0,0,0,0,0,0,2,0,0,0,0,0,0,0,0,0,7,0,0,0,0,0,4,25,0,0,0,6,0,10,0,3,0,0,0,0,0,0,4,14,0,0,0,0,0,0,0,0,0,0,0,0,0,0,0,0,0,1,2,0,0,0,0,0,5,0,3,0,0,0,0,0,0,0,0,0,0,0,0,0,5,0,29,0,0,0,0,0,0,0,0,0,0,0,0,0,7,0,0,0,0,0,0,0,0,2,0,8,0,0,0,0,0,0,0,0,0,0,0,0,3,0,0,0,0,5,0,1,0,0,0,0,0,0,0,0,26,0,0,0,0,0,0,0,0,0,0,0,0,0,0,0,0,0,0,6,0,0,0,0,0,0,0,0,0,0,0,0,0,0,0,0,0,0,0,0,0,0,0,0,1,22,0,0,0,0,0,0,0,0,0,0,0,0,0,0,0,900,,251,0.278888889,,0,0,,251,0.278888889
M101,101,vac,10^6,6,5,6_5,46,3.256659793,6.635727472,0.589594146,-0.090499292,0.042842418,0.097053427,0.192749141,0,0,0,0,0,0,0,0,0,11,0,0,37,0,0,13,0,0,0,0,0,0,0,0,0,0,0,0,0,0,6,26,0,0,0,0,0,0,0,0,0,0,0,487,0,0,10,11,2,0,0,0,0,0,5,0,1,0,0,0,0,0,0,0,0,0,71,0,0,0,0,0,0,0,0,0,4,0,0,0,0,0,0,0,0,0,0,0,0,0,0,0,0,0,0,0,0,0,0,0,0,0,0,0,0,0,0,0,2,0,1,0,2,0,0,0,0,0,0,1,0,0,0,0,0,0,41,0,3,0,0,6,0,0,36,0,0,0,0,0,0,0,0,0,0,0,0,1,0,6,0,0,1,0,14,0,0,0,0,0,0,0,0,0,0,0,2,4,0,0,0,0,0,0,0,0,0,0,0,0,0,0,0,0,0,0,0,0,0,0,0,0,0,0,0,3,0,2,0,0,0,0,0,0,0,0,22,0,0,0,0,0,0,0,0,0,0,0,0,0,0,0,0,0,0,0,0,0,0,1,0,0,0,0,0,0,0,0,22,0,0,0,3,0,0,0,0,0,0,0,0,0,0,0,0,0,0,0,2,0,0,0,0,0,0,0,0,0,0,0,0,0,0,0,0,0,0,0,4,0,0,3,0,0,0,0,0,2,0,0,0,0,0,0,0,0,0,0,0,0,0,2,0,0,0,0,0,2,0,0,0,0,0,0,0,0,0,0,0,0,1,0,0,0,0,0,0,0,4,0,0,0,0,0,0,0,0,0,0,2,0,1,0,0,0,4,4,5,0,0,2,0,0,0,0,0,0,0,0,0,0,0,0,0,4,0,0,0,0,0,0,0,0,0,0,0,0,1,0,0,0,0,0,0,0,0,0,0,0,0,0,0,0,900,,61,0.067777778,,2,0.002222222,,63,0.07
